run,save,mode,context:begin_technique,context:d3d_map,context:dirty_states,context:dlss_evaluate,context:lighting_geometry,context:main_render_depth,context:render_pass_immediate,context:shadow_maps,context:volumetric_shadow_shader_get,context:wait_get_poses,coverageErrorMs,coveragePassed,cpuMean,fps,frames,gpuMean,missingRenderStackMs,process:accepted_draw_dispatch,process:accepted_draw_observer_candidate,process:colour_copy_sanitation,process:compound_frustum,process:d3d_lock_execution,process:guide_encoding,process:input_preparation,process:job_dispatch,process:job_wait_help_execution,process:leaf_csx,process:leaf_d3d11,process:leaf_kernel_sync,process:leaf_ngx_dlss,process:leaf_nvidia_um,process:leaf_openvr,process:leaf_other,process:leaf_skyrim,process:leaf_streamline,process:material_guard_union,process:material_probe,process:material_should_skip,process:native_resolved_render,process:native_stereo_boundary,process:native_unresolved,process:per_eye_submit,process:presentation_mutex_candidate,process:producer_pose,process:readback_wrapper,process:recovery,process:recovery_telemetry,process:relatch_service,process:render_wrapper,process:retain_light,process:retain_scene,process:retention_allocator,process:retention_folded_reference_candidate,process:retention_hash,process:retention_reference,process:retention_spin,process:retention_vector,process:sphere_A,process:sphere_B,process:submit_upscaled_frame,process:temporal_union,process:truepbr_material_predicate,process:vendor_evaluate,processSampled,processWindow:accepted_draw_dispatch,processWindow:accepted_draw_observer_candidate,processWindow:colour_copy_sanitation,processWindow:d3d_lock_execution,processWindow:guide_encoding,processWindow:input_preparation,processWindow:leaf_csx,processWindow:leaf_d3d11,processWindow:leaf_kernel_sync,processWindow:leaf_ngx_dlss,processWindow:leaf_nvidia_um,processWindow:leaf_openvr,processWindow:leaf_other,processWindow:leaf_skyrim,processWindow:leaf_streamline,processWindow:material_guard_union,processWindow:material_probe,processWindow:material_should_skip,processWindow:native_resolved_render,processWindow:native_stereo_boundary,processWindow:native_unresolved,processWindow:per_eye_submit,processWindow:presentation_mutex_candidate,processWindow:producer_pose,processWindow:readback_wrapper,processWindow:recovery,processWindow:recovery_telemetry,processWindow:relatch_service,processWindow:render_wrapper,processWindow:retain_light,processWindow:retain_scene,processWindow:retention_allocator,processWindow:retention_folded_reference_candidate,processWindow:retention_hash,processWindow:retention_reference,processWindow:retention_spin,processWindow:retention_vector,processWindow:submit_upscaled_frame,processWindow:temporal_union,processWindow:truepbr_material_predicate,processWindow:vendor_evaluate,ready,readyPct,render:accepted_draw_dispatch,render:accepted_draw_observer_candidate,render:colour_copy_sanitation,render:compound_frustum,render:d3d_lock_execution,render:guide_encoding,render:input_preparation,render:job_dispatch,render:job_wait_help_execution,render:leaf_csx,render:leaf_d3d11,render:leaf_kernel_sync,render:leaf_ngx_dlss,render:leaf_nvidia_um,render:leaf_openvr,render:leaf_other,render:leaf_skyrim,render:leaf_streamline,render:material_guard_union,render:material_probe,render:material_should_skip,render:native_resolved_render,render:native_stereo_boundary,render:native_unresolved,render:per_eye_submit,render:presentation_mutex_candidate,render:producer_pose,render:readback_wrapper,render:recovery,render:recovery_telemetry,render:relatch_service,render:render_wrapper,render:retain_light,render:retain_scene,render:retention_allocator,render:retention_folded_reference_candidate,render:retention_hash,render:retention_reference,render:retention_spin,render:retention_vector,render:sphere_A,render:sphere_B,render:submit_upscaled_frame,render:temporal_union,render:truepbr_material_predicate,render:vendor_evaluate,renderSampled,renderWindow:accepted_draw_dispatch,renderWindow:accepted_draw_observer_candidate,renderWindow:colour_copy_sanitation,renderWindow:d3d_lock_execution,renderWindow:guide_encoding,renderWindow:input_preparation,renderWindow:leaf_csx,renderWindow:leaf_d3d11,renderWindow:leaf_kernel_sync,renderWindow:leaf_ngx_dlss,renderWindow:leaf_nvidia_um,renderWindow:leaf_openvr,renderWindow:leaf_other,renderWindow:leaf_skyrim,renderWindow:leaf_streamline,renderWindow:material_guard_union,renderWindow:material_probe,renderWindow:material_should_skip,renderWindow:native_resolved_render,renderWindow:native_stereo_boundary,renderWindow:native_unresolved,renderWindow:per_eye_submit,renderWindow:presentation_mutex_candidate,renderWindow:producer_pose,renderWindow:readback_wrapper,renderWindow:recovery,renderWindow:recovery_telemetry,renderWindow:relatch_service,renderWindow:render_wrapper,renderWindow:retain_light,renderWindow:retain_scene,renderWindow:retention_allocator,renderWindow:retention_folded_reference_candidate,renderWindow:retention_hash,renderWindow:retention_reference,renderWindow:retention_spin,renderWindow:retention_vector,renderWindow:submit_upscaled_frame,renderWindow:temporal_union,renderWindow:truepbr_material_predicate,renderWindow:vendor_evaluate,running,runningPct,unresolvedCsxMs,wait,waitPct
Head R1,08,DLAA,2.0359388692579508,0.8717807420494689,0.6665042402826854,0.15021766784452298,0.8341042402826858,0.9749893992932863,7.344251943462901,4.3301575971731445,,0.20866890459363954,0.06890000259591034,True,10.744,56.6,566,10.472,63.0889,0.0,0.0,0.0017653710247349822,0.019596996466431097,0.0,0.0,0.012368021201413426,0.548483038869258,0.0,2.1202293286219094,1.6931706713780952,22.89461413427554,0.06538745583038869,4.222010600706714,0.1348031802120141,8.502884275618388,14.83574151943462,0.01943127208480565,0.1536895759717314,0.12187915194346291,0.1536895759717314,0.0,0.1420946996466431,14.83574151943462,0.14032756183745582,0.0,0.0,0.015916077738515902,0.0,0.0,0.0,0.0053,0.022985512367491166,0.02652897526501767,0.015901413427561836,0.0,0.00354434628975265,0.0,0.0,0.0,0.06888780918727914,0.0,0.0,0.0212160777385159,0.0,0.15021766784452298,54.48827243816276,0,0,0.9992,0,0,7.000299999999999,1200.0498000000007,958.3346000000018,12958.351599999954,37.009299999999996,2389.658,76.29859999999998,4812.632500000008,8397.029699999996,10.998099999999999,86.98829999999998,68.98360000000001,86.98829999999998,0,80.42559999999999,8397.029699999996,79.4254,0,0,9.0085,0,0,0,2.9998,13.0098,15.015400000000001,9.0002,0,2.0061,0,0,0,0,12.0083,0,85.0232,0.24029363958002142,1.3600620000229213,0.0,0.0,0.0017653710247349822,0.0053,0.0,0.0,0.012368021201413426,0.0,0.0,2.0900710247349834,1.6825699646643142,1.9919515901060063,0.06538745583038869,0.6549480565371023,0.1275310954063604,2.0096351590105987,7.728165194346286,0.017664487632508833,0.1536895759717314,0.12187915194346291,0.1536895759717314,0.0,0.1420946996466431,7.728165194346286,0.14032756183745582,0.0,0.0,0.015916077738515902,0.0,0.0,0.0,0.0053,0.022985512367491166,0.02652897526501767,0.015901413427561836,0.0,0.00354434628975265,0.0,0.0,0.0,0.033552120141342755,0.0,0.0,0.0212160777385159,0.0,0.15021766784452298,16.3679240282685,0,0,0.9992,0,0,7.000299999999999,1182.9802000000007,952.3346000000018,1127.4445999999996,37.009299999999996,370.7005999999999,72.1826,1137.453499999999,4374.141499999998,9.998099999999999,86.98829999999998,68.98360000000001,86.98829999999998,0,80.42559999999999,4374.141499999998,79.4254,0,0,9.0085,0,0,0,2.9998,13.0098,15.015400000000001,9.0002,0,2.0061,0,0,0,0,12.0083,0,85.0232,16.394910777385686,92.79519500000299,0.0,1.0327618374558405,5.8454320000000575
Head R1,09,DLAA,1.0664615183246076,0.5457465968586387,0.45736465968586354,0.1689035340314136,0.29205458115183247,0.5005123036649217,4.565171335078544,3.627498821989535,,0.17951688481675382,0.5275999971981946,True,5.717,76.4,764,9.005,40.0244,0.0,0.0,0.003925916230366492,0.005235602094240838,0.0,0.0,0.00523520942408377,0.9842162303664923,0.0,1.3329753926701564,1.224555759162304,7.700976832460733,0.06414594240837697,4.445777356020949,0.1655197643979057,5.75707408376964,8.682514136125656,0.02750039267015707,0.10484764397905759,0.08248363874345549,0.10484764397905759,0.0,1.5043304973821987,8.682514136125656,1.5030197643979057,0.0,0.0,0.055362696335078544,0.0,0.0,0.0,0.0,0.011793717277486912,0.011793717277486912,0.005233638743455497,0.0013089005235602095,0.0013239528795811518,0.0,0.0,0.0,0.0,0.009184162303664922,0.0,0.055362696335078544,0.0,0.1689035340314136,29.401039659685782,0,0,2.9994,0,0,3.9997000000000003,1018.3931999999995,935.5606000000002,5883.5463,49.00750000000001,3396.5739000000053,126.45709999999995,4398.404600000005,6633.440800000001,21.0103,80.1036,63.01749999999999,80.1036,0,1149.3084999999999,6633.440800000001,1148.3071,0,0,42.29710000000001,0,0,0,0,9.0104,9.0104,3.9985,1.0,1.0115,0,0,0,0,42.29710000000001,0,129.04229999999998,0.07876557591096883,0.6017689999598019,0.0,0.0,0.003925916230366492,0.0,0.0,0.0,0.00523520942408377,0.0,0.0,1.3171769633507846,1.2114455497382202,1.637968062827225,0.06414594240837697,1.5255803664921461,0.1511218586387434,1.3963329842931935,3.6134417539267067,0.02619149214659686,0.10484764397905759,0.08248363874345549,0.10484764397905759,0.0,1.5043304973821987,3.6134417539267067,1.5030197643979057,0.0,0.0,0.055362696335078544,0.0,0.0,0.0,0.0,0.011793717277486912,0.011793717277486912,0.005233638743455497,0.0013089005235602095,0.0013239528795811518,0.0,0.0,0.0,0.0,0.0,0.0,0.055362696335078544,0.0,0.1689035340314136,10.943404973821991,0,0,2.9994,0,0,3.9997000000000003,1006.3231999999995,925.5444000000002,1251.4076,49.00750000000001,1165.5433999999996,115.45709999999995,1066.7984,2760.669500000004,20.0103,80.1036,63.01749999999999,80.1036,0,1149.3084999999999,2760.669500000004,1148.3071,0,0,42.29710000000001,0,0,0,0,9.0104,9.0104,3.9985,1.0,1.0115,0,0,0,0,42.29710000000001,0,129.04229999999998,10.867877225131963,83.0305820000082,0.0,2.1430530104717262,16.37292500000399
Head R1,10,DLAA,1.3005771666666646,0.5801108333333334,0.5019523333333332,0.10502133333333331,0.3952711666666668,0.5238575,4.978650499999997,3.7333151666666633,,0.15844233333333332,0.16770002398516226,True,3.178,60.0,600,9.789,45.38929999999999,0.0,0.0,0.0,0.0,0.0,0.0,0.0016658333333333334,0.7239156666666666,0.0,1.4902520000000001,1.1960506666666666,19.973149833333316,0.03667333333333332,3.4404049999999993,0.10396833333333332,6.047316000000005,9.106718833333343,0.023334833333333336,0.11849383333333331,0.10515833333333333,0.11849383333333331,0.0,0.12632716666666666,9.106718833333343,0.12298516666666667,0.0016666666666666668,0.0,0.05332366666666665,0.0,0.0,0.0,0.0016666666666666668,0.008339333333333334,0.008339333333333334,0.0033333333333333335,0.0016666666666666668,0.0,0.0,0.0,0.0,0.0,0.0,0.0,0.05499033333333332,0.0,0.10502133333333331,41.41786883333333,0,0,0,0,0,0.9995,894.1512,717.6304,11983.88989999999,22.003999999999994,2064.2429999999995,62.38099999999999,3628.3896000000027,5464.031300000006,14.000900000000001,71.09629999999999,63.09499999999999,71.09629999999999,0,75.7963,5464.031300000006,73.7911,1.0,0,31.994199999999992,0,0,0,1.0,5.0036000000000005,5.0036000000000005,2.0,1.0,0,0,0,0,0,32.99419999999999,0,63.01279999999999,0.11249650003435363,0.6749790002061218,0.0,0.0,0.0,0.0,0.0,0.0,0.0016658333333333334,0.0,0.0,1.4685853333333334,1.1876601666666664,1.5012516666666662,0.03667333333333332,0.414326333333333,0.09730166666666666,1.428927499999999,4.559091666666668,0.02166816666666667,0.11849383333333331,0.10515833333333333,0.11849383333333331,0.0,0.12632716666666666,4.559091666666668,0.12298516666666667,0.0016666666666666668,0.0,0.05332366666666665,0.0,0.0,0.0,0.0016666666666666668,0.008339333333333334,0.008339333333333334,0.0033333333333333335,0.0016666666666666668,0.0,0.0,0.0,0.0,0.0,0.0,0.0,0.05499033333333332,0.0,0.10502133333333331,10.715485833333316,0,0,0,0,0,0.9995,881.1512,712.5960999999999,900.7509999999997,22.003999999999994,248.59579999999983,58.38099999999999,857.3564999999994,2735.455000000001,13.000900000000001,71.09629999999999,63.09499999999999,71.09629999999999,0,75.7963,2735.455000000001,73.7911,1.0,0,31.994199999999992,0,0,0,1.0,5.0036000000000005,5.0036000000000005,2.0,1.0,0,0,0,0,0,32.99419999999999,0,63.01279999999999,10.691272833334114,64.14763700000469,0.0,5.863176833338173,35.17906100002904
Head R1,11,DLSS,0.688539829605963,0.4495635782747604,0.3586775292864748,0.20885314164004257,0.6630728434504791,1.1960814696485609,3.239803514377,0.25987231096911606,0.4234248136315229,0.18616293929712457,1.5611999966731673,True,9.189,93.9,939,8.609,72.30470000000003,0.0,0.0,0.0021510117145899896,0.09490809371671992,0.0,0.011712460063897763,0.0,0.3194630457933972,0.18518700745473907,1.2931061767838128,0.8582102236421727,23.632451437699803,0.07142438764643237,2.5027568690095836,0.15175580404685837,9.940058466453666,15.537122364217282,0.02343887113951012,0.0767286474973376,0.06183897763578275,0.0767286474973376,0.0,0.5326810436634721,15.537122364217282,0.5305498402555913,0.0,0.0,0.008727476038338658,0.0,0.0,0.0,0.00212555910543131,0.02139329073482428,0.02352183173588924,0.01074941427050053,0.0021250266240681577,0.0053231096911608095,0.0010649627263045794,0.0,0.0,0.0,0.38103588924387644,0.39102630457933996,0.010853035143769967,0.0,0.20885314164004257,54.01032460063899,0,0,2.0198,0,10.998,0,1214.2267000000002,805.8594000000002,22190.871900000115,67.0675,2350.088699999999,142.4987,9333.714899999992,14589.357900000028,22.0091,72.04820000000001,58.0668,72.04820000000001,0,500.1875000000003,14589.357900000028,498.18630000000024,0,0,8.1951,0,0,0,1.9959,20.0883,22.086999999999996,10.093699999999998,1.9954,4.9984,1.0,0,0,367.1737000000002,10.190999999999999,0,196.11309999999997,0.28584824280776255,2.6841149999648906,0.0,0.0,0.0021510117145899896,0.00429329073482428,0.0,0.011712460063897763,0.0,0.026941959531416402,0.18518700745473907,1.2696091586794462,0.8517829605963794,1.7903275825346092,0.07142438764643237,0.358614696485623,0.13471640042598512,1.5107997870074537,3.784744195953139,0.02343887113951012,0.0767286474973376,0.06183897763578275,0.0767286474973376,0.0,0.5326810436634721,3.784744195953139,0.5305498402555913,0.0,0.0,0.008727476038338658,0.0,0.0,0.0,0.00212555910543131,0.02139329073482428,0.02352183173588924,0.01074941427050053,0.0021250266240681577,0.0053231096911608095,0.0010649627263045794,0.0,0.0,0.0,0.016238764643237487,0.39102630457933996,0.010853035143769967,0.0,0.20885314164004257,9.795458040468615,0,0,2.0198,0,10.998,0,1192.163,799.8242000000002,1681.117599999998,67.0675,336.7392,126.49870000000003,1418.640999999999,3553.8747999999973,22.0091,72.04820000000001,58.0668,72.04820000000001,0,500.1875000000003,3553.8747999999973,498.18630000000024,0,0,8.1951,0,0,0,1.9959,20.0883,22.086999999999996,10.093699999999998,1.9954,4.9984,1.0,0,0,367.1737000000002,10.190999999999999,0,196.11309999999997,9.739977848775458,91.45839200000155,0.0,0.625463791267337,5.873105000000294
Head R1,12,DLSS,0.652496617336152,0.46100179704016936,0.31095264270613104,0.1407454545454545,0.5418169133192384,1.285962579281184,3.064820190274853,0.49113435517970394,0.5037608879492604,0.15707431289640594,7.532000018558392,False,8.679,94.6,946,8.911,39.0918,0.0,0.0,0.001058139534883721,0.4118894291754756,0.0,0.00846046511627907,0.0,0.2918224101479915,0.2705516913319239,1.1023757928118403,0.7501366807610986,8.241497885835102,0.05816945031712472,2.8807380549682913,0.11712780126849898,6.876566384778003,17.620958350951355,0.022213319238900638,0.059409830866807636,0.05197441860465117,0.059409830866807636,0.0,0.5598519027484145,17.620958350951355,0.5598519027484145,0.0021141649048625794,0.0,0.026486997885835094,0.0,0.0,0.0,0.0010570824524312897,0.017038054968287523,0.017038054968287523,0.0063466173361522195,0.0,0.0021141649048625794,0.0,0.0,0.0,0.0,1.6895448202959826,0.2951705073995773,0.027544080338266386,0.0,0.1407454545454545,37.66978372093021,0,0,1.001,0,8.0036,0,1042.847500000001,709.6292999999993,7796.457000000007,55.02829999999999,2725.1782000000035,110.80290000000004,6505.2317999999905,16669.42659999998,21.013800000000003,56.201700000000024,49.16780000000001,56.201700000000024,0,529.6199,16669.42659999998,529.6199,2.0,0,25.0567,0,0,0,1.0,16.118,16.118,6.0039,0,2.0,0,0,0,279.2313000000001,26.0567,0,133.14519999999996,0.05755359410206253,0.5444570002055116,0.0,0.0,0.001058139534883721,0.044570190274841444,0.0,0.00846046511627907,0.0,0.1252558139534884,0.2705516913319239,1.0875632135306565,0.748022515856236,1.6679121564482033,0.05816945031712472,0.500173044397463,0.10020961945031712,1.1604849894291767,4.655173678646947,0.02009915433403806,0.059409830866807636,0.05197441860465117,0.059409830866807636,0.0,0.5598519027484145,4.655173678646947,0.5598519027484145,0.0021141649048625794,0.0,0.026486997885835094,0.0,0.0,0.0,0.0010570824524312897,0.017038054968287523,0.017038054968287523,0.0063466173361522195,0.0,0.0021141649048625794,0.0,0.0,0.0,0.0,0.17640549682875262,0.2951705073995773,0.027544080338266386,0.0,0.1407454545454545,9.997807822410095,0,0,1.001,0,8.0036,0,1028.834800000001,707.6292999999993,1577.8449000000003,55.02829999999999,473.1637,94.7983,1097.8188000000011,4403.794300000012,19.013800000000003,56.201700000000024,49.16780000000001,56.201700000000024,0,529.6199,4403.794300000012,529.6199,2.0,0,25.0567,0,0,0,1.0,16.118,16.118,6.0039,0,2.0,0,0,0,279.2313000000001,26.0567,0,133.14519999999996,9.973008773781409,94.34466299997213,0.0,0.5482241014807551,5.186200000007943
Head R1,13,DLSS,1.7687135738831643,0.9363896907216492,0.7325285223367698,0.14095670103092778,1.3769709621993116,3.0803831615120267,7.561670790377997,0.3993757731958763,1.0976103092783505,0.15871288659793814,0.8732000150212116,True,17.173,58.2,582,12.636,28.1265,0.0,0.0,0.006875085910652921,0.8024506872852235,0.0,0.008593298969072164,0.0,0.2823273195876289,0.25824793814432995,2.240503951890037,1.5200850515463906,8.413411683848794,0.055013230240549826,4.470632474226803,0.1760276632302406,5.70179862542955,23.634202405498208,0.013752061855670104,0.14615738831615122,0.12727594501718215,0.14615738831615122,0.0,0.46518762886597936,23.634202405498208,0.4600317869415808,0.0,0.0,0.003442439862542955,0.0,0.0,0.0,0.005153092783505155,0.01721168384879725,0.01721168384879725,0.010324398625429554,0.0017183848797250858,0.005169415807560137,0.0,0.0,0.0,0.0,3.4035517182130564,0.318006701030928,0.00859553264604811,0.0,0.14095670103092778,46.22542714776626,0,0,4.0013,0,5.0013,0,1303.9733000000015,884.6894999999994,4896.605599999998,32.0177,2601.908099999999,102.44810000000003,3318.4467999999983,13755.105799999958,8.0037,85.06360000000001,74.0746,85.06360000000001,0,270.7392,13755.105799999958,267.73850000000004,0,0,2.0035,0,0,0,2.9991,10.017199999999999,10.017199999999999,6.008800000000001,1.0001,3.0086,0,0,0,185.0799000000001,5.0026,0,82.03679999999997,0.046742096239202516,0.27203900011215865,0.0,0.0,0.006875085910652921,0.1481479381443299,0.0,0.008593298969072164,0.0,0.09639948453608245,0.25824793814432995,2.207507216494848,1.5114939862542944,2.36346030927835,0.055013230240549826,0.6881587628865974,0.1571273195876289,1.7728981099656367,8.003546735395199,0.013752061855670104,0.14615738831615122,0.12727594501718215,0.14615738831615122,0.0,0.46518762886597936,8.003546735395199,0.4600317869415808,0.0,0.0,0.003442439862542955,0.0,0.0,0.0,0.005153092783505155,0.01721168384879725,0.01721168384879725,0.010324398625429554,0.0017183848797250858,0.005169415807560137,0.0,0.0,0.0,0.0,0.5666582474226805,0.318006701030928,0.00859553264604811,0.0,0.14095670103092778,16.772957731958726,0,0,4.0013,0,5.0013,0,1284.7692000000015,879.6894999999994,1375.5338999999997,32.0177,400.5083999999997,91.44810000000003,1031.8267000000005,4658.064200000006,8.0037,85.06360000000001,74.0746,85.06360000000001,0,270.7392,4658.064200000006,267.73850000000004,0,0,2.0035,0,0,0,2.9991,10.017199999999999,10.017199999999999,6.008800000000001,1.0001,3.0086,0,0,0,185.0799000000001,5.0026,0,82.03679999999997,16.710483333337297,97.25501300002307,0.0,0.42640549828436247,2.4816800000149897
Head R2,08,DLAA,1.7845586666666668,0.7555333333333331,0.5872041666666664,0.13517649999999995,0.7169808333333328,0.8359981666666665,6.219575499999996,3.6140006666666658,,0.181786,0.10160000088399102,True,5.054,60.0,600,10.049,45.3376,0.0,0.0,0.0,0.0133345,0.0,0.0,0.006669499999999999,0.5258186666666665,0.0,1.7032875,1.4113396666666675,19.875418166666705,0.050138499999999996,4.034270666666665,0.13209916666666668,5.471269166666666,12.541003333333327,0.02529733333333333,0.1085515,0.09187199999999998,0.1085515,0.0,0.11059250000000001,12.541003333333327,0.11059250000000001,0.0,0.0,0.05009016666666666,0.0,0.0,0.0,0.0,0.010033333333333333,0.013373333333333333,0.0050165,0.0,0.005026833333333334,0.0,0.0,0.0,0.07667483333333333,0.0,0.0,0.05009016666666666,0.0,0.13517649999999995,45.24412349999995,0,0,0,0,0,4.0017,1021.9725000000001,846.8038000000005,11925.250900000023,30.083099999999998,2420.5623999999993,79.2595,3282.7614999999996,7524.601999999996,15.178399999999998,65.1309,55.12319999999999,65.1309,0,66.3555,7524.601999999996,66.3555,0,0,30.054099999999995,0,0,0,0,6.0200000000000005,8.024,3.0099,0,3.0161000000000002,0,0,0,0,30.054099999999995,0,81.10589999999996,0.09658500000156778,0.5795100000094067,0.0,0.0,0.0,0.005001166666666667,0.0,0.0,0.006669499999999999,0.0,0.0,1.661219166666667,1.3978918333333343,1.481963833333333,0.050138499999999996,0.5713693333333335,0.1254325,1.603414333333333,6.578103166666672,0.023630666666666668,0.1085515,0.09187199999999998,0.1085515,0.0,0.11059250000000001,6.578103166666672,0.11059250000000001,0.0,0.0,0.05009016666666666,0.0,0.0,0.0,0.0,0.010033333333333333,0.013373333333333333,0.0050165,0.0,0.005026833333333334,0.0,0.0,0.0,0.04500816666666666,0.0,0.0,0.05009016666666666,0.0,0.13517649999999995,13.49316333333333,0,0,0,0,0,4.0017,996.7315000000001,838.7351000000006,889.1782999999998,30.083099999999998,342.8216000000001,75.2595,962.0485999999999,3946.861900000003,14.1784,65.1309,55.12319999999999,65.1309,0,66.3555,3946.861900000003,66.3555,0,0,30.054099999999995,0,0,0,0,6.0200000000000005,8.024,3.0099,0,3.0161000000000002,0,0,0,0,30.054099999999995,0,81.10589999999996,13.456280999999587,80.73768599999752,0.0,3.1139700000003185,18.683820000001912
Head R2,09,DLAA,1.0233932432432442,0.5778399999999998,0.41705216216216234,0.14600081081081076,0.269113108108108,0.5338385135135136,4.4559437837837965,3.520074729729734,,0.20813391891891894,1.6277000020127161,True,5.493,74.0,740,9.029,35.1952,0.0,0.0,0.0013514864864864866,0.005405405405405406,0.0,0.0,0.005405270270270271,1.0587736486486488,0.0,1.2510718918918895,1.211072837837838,7.577900540540545,0.04866121621621622,4.589652837837838,0.13797445945945944,6.148199459459467,8.599688378378382,0.022976891891891886,0.09741851351351355,0.08660297297297297,0.09741851351351355,0.0,1.5328837837837836,8.599688378378382,1.5288287837837835,0.002704324324324324,0.0,0.05626378378378378,0.0,0.0,0.0,0.005407702702702704,0.016385810810810808,0.016385810810810808,0.009627432432432432,0.0013522972972972972,0.0013547297297297296,0.0,0.0,0.0,0.0,0.01487162162162162,0.0,0.06167148648648648,0.0,0.14600081081081076,29.587198513513464,0,0,1.0001,0,0,3.9999000000000002,925.7931999999983,896.1939,5607.646400000003,36.0093,3396.3431,102.10109999999999,4549.667600000005,6363.769400000002,17.002899999999997,72.08970000000002,64.08619999999999,72.08970000000002,0,1134.3339999999998,6363.769400000002,1131.3332999999998,2.0012,0,41.6352,0,0,0,4.0017000000000005,12.125499999999999,12.125499999999999,7.1243,1.0007,1.0025,0,0,0,0,45.6369,0,108.04059999999997,0.0758544594570419,0.5613229999821101,0.0,0.0,0.0013514864864864866,0.0,0.0,0.0,0.005405270270270271,0.0,0.0,1.2416124324324302,1.200262027027027,1.695245135135135,0.04866121621621622,1.562539999999999,0.1339204054054054,1.4092756756756772,3.5105293243243296,0.020274189189189187,0.09741851351351355,0.08660297297297297,0.09741851351351355,0.0,1.5328837837837836,3.5105293243243296,1.5288287837837835,0.002704324324324324,0.0,0.05626378378378378,0.0,0.0,0.0,0.005407702702702704,0.016385810810810808,0.016385810810810808,0.009627432432432432,0.0013522972972972972,0.0013547297297297296,0.0,0.0,0.0,0.0,0.0,0.0,0.06167148648648648,0.0,0.14600081081081076,10.82232040540542,0,0,1.0001,0,0,3.9999000000000002,918.7931999999984,888.1939,1254.4814,36.0093,1156.2795999999992,99.10109999999999,1042.8640000000012,2597.791700000004,15.002899999999999,72.08970000000002,64.08619999999999,72.08970000000002,0,1134.3339999999998,2597.791700000004,1131.3332999999998,2.0012,0,41.6352,0,0,0,4.0017000000000005,12.125499999999999,12.125499999999999,7.1243,1.0007,1.0025,0,0,0,0,45.6369,0,108.04059999999997,10.825115945949436,80.10585800002583,0.0,2.614742702704351,19.349096000012196
Head R2,10,DLAA,1.2582354999999996,0.5021623333333327,0.4804116666666667,0.11837,0.3202825000000001,0.4703683333333332,4.7563091666666635,3.580426833333338,,0.13855833333333334,0.10480002042095293,True,3.032,60.0,600,9.683,26.0563,0.0,0.0,0.0016668333333333333,0.0,0.0,0.0,0.0066658333333333335,0.6726060000000001,0.0,1.363803833333334,1.0781584999999998,6.503041333333335,0.045017333333333326,3.4057133333333356,0.100069,4.830776166666666,8.242928499999989,0.02667566666666667,0.12506116666666664,0.10837699999999999,0.12506116666666664,0.0,0.12804516666666668,8.242928499999989,0.12804516666666668,0.0,0.0,0.04670016666666667,0.0,0.0,0.0,0.0,0.0133445,0.016677833333333333,0.008339000000000001,0.0016666666666666668,0.006666666666666667,0.0,0.0,0.0,0.0,0.0,0.0,0.04670016666666667,0.0,0.11837,25.596183666666686,0,0,1.0001,0,0,3.9995000000000003,818.2823000000004,646.8950999999998,3901.824800000001,27.010399999999997,2043.4280000000015,60.0414,2898.4656999999997,4945.757099999993,16.0054,75.03669999999998,65.02619999999999,75.03669999999998,0,76.8271,4945.757099999993,76.8271,0,0,28.0201,0,0,0,0,8.0067,10.006699999999999,5.0034,1.0,4.0,0,0,0,0,28.0201,0,71.022,0.0549483333654166,0.3296900001924996,0.0,0.0,0.0016668333333333333,0.0,0.0,0.0,0.0066658333333333335,0.0,0.0,1.3420416666666675,1.0664236666666664,1.3670156666666653,0.045017333333333326,0.4128586666666664,0.09673566666666668,1.3073956666666675,4.271670833333331,0.025009000000000003,0.12506116666666664,0.10837699999999999,0.12506116666666664,0.0,0.12804516666666668,4.271670833333331,0.12804516666666668,0.0,0.0,0.04670016666666667,0.0,0.0,0.0,0.0,0.0133445,0.016677833333333333,0.008339000000000001,0.0016666666666666668,0.006666666666666667,0.0,0.0,0.0,0.0,0.0,0.0,0.04670016666666667,0.0,0.11837,9.934168166666671,0,0,1.0001,0,0,3.9995000000000003,805.2250000000005,639.8541999999999,820.2093999999992,27.010399999999997,247.7151999999998,58.0414,784.4374000000005,2563.0024999999982,15.005400000000002,75.03669999999998,65.02619999999999,75.03669999999998,0,76.8271,2563.0024999999982,76.8271,0,0,28.0201,0,0,0,0,8.0067,10.006699999999999,5.0034,1.0,4.0,0,0,0,0,28.0201,0,71.022,9.92640349999748,59.55842099998488,0.0,6.685489500004469,40.11293700002682
Head R2,11,DLSS,0.674612044817927,0.43603921568627435,0.3255652661064426,0.14759066293183942,0.5539391223155934,1.0794877684407094,2.902982166199812,0.2148943977591037,0.38617712418300665,0.15587675070028015,2.147500007209601,True,8.835,107.1,1071,8.24,45.220200000000006,0.0,0.0,0.002800093370681606,0.0936937441643324,0.0,0.005601120448179271,0.0,0.32151279178337994,0.18091699346405232,1.108850793650793,0.7234269841269846,21.75828842203544,0.04763380018674136,2.403805135387489,0.11710653594771243,8.030647712418304,14.012437348272591,0.02436489262371615,0.060748459383753485,0.05329047619047619,0.060748459383753485,0.0,0.4803585434173671,14.012437348272591,0.4766259570494866,0.0019560224089635856,0.0,0.01615294117647059,0.0,0.0,0.0,0.0066136321195144725,0.02264098972922502,0.02450662931839402,0.009378431372549019,0.005673856209150328,0.004666760037348273,0.0,0.0009337068160597573,0.002804014939309057,0.0,0.3785486461251167,0.3063543417366948,0.02276657329598506,0.0,0.14759066293183942,48.2265616246499,0,0,2.9989,0,5.998799999999999,0,1187.5791999999992,774.7903000000005,23303.12689999996,51.0158,2574.4753000000005,125.42110000000002,8600.823700000003,15007.320399999946,26.094799999999996,65.06159999999998,57.074099999999994,65.06159999999998,0,514.4640000000002,15007.320399999946,510.4664000000002,2.0949,0,17.2998,0,0,0,7.0832,24.248499999999996,26.246599999999997,10.0443,6.076700000000001,4.9981,0,1.0,3.0031,328.1055000000001,24.383,0,158.0696,0.20257917834304945,2.1696230000540595,0.0,0.0,0.002800093370681606,0.005698506069094305,0.0,0.005601120448179271,0.0,0.027621942110177405,0.18091699346405232,1.0919853408029874,0.7131147525676942,1.5922544351073746,0.04763380018674136,0.35851764705882355,0.10776946778711484,1.2332567693744163,3.4291348272642335,0.023431185807656397,0.060748459383753485,0.05329047619047619,0.060748459383753485,0.0,0.4803585434173671,3.4291348272642335,0.4766259570494866,0.0019560224089635856,0.0,0.01615294117647059,0.0,0.0,0.0,0.0066136321195144725,0.02264098972922502,0.02450662931839402,0.009378431372549019,0.005673856209150328,0.004666760037348273,0.0,0.0009337068160597573,0.002804014939309057,0.0,0.02158188608776844,0.3063543417366948,0.02276657329598506,0.0,0.14759066293183942,8.597098225957039,0,0,2.9989,0,5.998799999999999,0,1169.5162999999995,763.7459000000005,1705.3044999999981,51.0158,383.97240000000005,115.4211,1320.8179999999998,3672.603399999994,25.0948,65.06159999999998,57.074099999999994,65.06159999999998,0,514.4640000000002,3672.603399999994,510.4664000000002,2.0949,0,17.2998,0,0,0,7.0832,24.248499999999996,26.246599999999997,10.0443,6.076700000000001,4.9981,0,1.0,3.0031,328.1055000000001,24.383,0,158.0696,8.593394397760884,92.03525400001907,0.0,0.5430997198878595,5.816597999998976
Head R2,12,DLSS,0.6360702991452997,0.4285134615384617,0.302099358974359,0.14966474358974355,0.5003123931623932,1.269934722222222,3.014211217948712,0.45648429487179476,0.49823119658119647,0.17263824786324794,11.382900023627371,False,8.398,93.6,936,8.846,47.2327,0.0,0.0,0.008546474358974359,0.3641176282051282,0.0,0.014960363247863248,0.0,0.28637863247863243,0.28068589743589734,1.073435790598291,0.7875313034188038,7.848108867521368,0.0513173076923077,3.0307665598290594,0.126199358974359,7.1197778846153925,17.48748749999999,0.02138055555555556,0.03981805555555556,0.03551698717948718,0.03981805555555556,0.0,0.6994112179487175,17.48748749999999,0.6962057692307688,0.0010685897435897436,0.0,0.03636036324786325,0.0,0.0,0.0,0.0,0.01397895299145299,0.015047329059829058,0.006431410256410255,0.0010645299145299145,0.002158653846153846,0.0,0.0,0.0010733974358974358,0.0,1.7705785256410245,0.29503354700854684,0.03636036324786325,0.0,0.14966474358974355,37.54600512820511,0,0,7.999499999999999,0,14.0029,0,1004.7359000000004,737.1293000000004,7345.829900000001,48.033,2836.7974999999997,118.1226,6664.112100000008,16368.28829999999,20.012200000000004,37.2697,33.243900000000004,37.2697,0,654.6488999999996,16368.28829999999,651.6485999999996,1.0002,0,34.033300000000004,0,0,0,0,13.084299999999999,14.084299999999999,6.019799999999999,0.9964,2.0205,0,0,1.0047,276.15139999999985,34.033300000000004,0,140.08619999999996,0.05875459404075285,0.5499430002214467,0.0,0.0,0.008546474358974359,0.0473443376068376,0.0,0.014960363247863248,0.0,0.08475042735042737,0.28068589743589734,1.0584642094017098,0.7821894230769235,1.7278147435897457,0.0513173076923077,0.5517909188034192,0.1187207264957265,1.244680021367522,4.622908226495714,0.02138055555555556,0.03981805555555556,0.03551698717948718,0.03981805555555556,0.0,0.6994112179487175,4.622908226495714,0.6962057692307688,0.0010685897435897436,0.0,0.03636036324786325,0.0,0.0,0.0,0.0,0.01397895299145299,0.015047329059829058,0.006431410256410255,0.0010645299145299145,0.002158653846153846,0.0,0.0,0.0010733974358974358,0.0,0.21373846153846152,0.29503354700854684,0.03636036324786325,0.0,0.14966474358974355,10.179266132478611,0,0,7.999499999999999,0,14.0029,0,990.7225000000003,732.1293000000004,1617.234600000002,48.033,516.4763000000004,111.1226,1165.0205000000005,4327.042099999989,20.012200000000004,37.2697,33.243900000000004,37.2697,0,654.6488999999996,4327.042099999989,651.6485999999996,1.0002,0,34.033300000000004,0,0,0,0,13.084299999999999,14.084299999999999,6.019799999999999,0.9964,2.0205,0,0,1.0047,276.15139999999985,34.033300000000004,0,140.08619999999996,10.089492735040196,94.43765199997623,0.0,0.5476745726536973,5.1262340000386075
Head R2,13,DLSS,1.7128538461538476,0.961843311036789,0.6423468227424756,0.14724448160535117,1.3377217391304355,2.9305229096989986,7.206938461538453,0.44394397993311036,1.0450986622073575,0.1612628762541806,0.9890000165105448,True,13.231,59.8,598,11.75,22.000299999999996,0.0,0.0,0.0016739130434782607,0.7671822742474916,0.0,0.010038628762541807,0.0,0.2629926421404682,0.27983344481605354,2.1802155518394652,1.4610774247491636,8.119495317725761,0.06190919732441472,4.359950000000002,0.18487709030100338,5.534243311036781,22.842903344481563,0.02509799331103679,0.1488150501672241,0.12707591973244148,0.1488150501672241,0.0,0.4164889632107026,22.842903344481563,0.414816722408027,0.0,0.0,0.0033444816053511705,0.0,0.0,0.0,0.0016700668896321071,0.026792809364548496,0.026792809364548496,0.011725418060200669,0.0016722408026755853,0.006697658862876254,0.0,0.0,0.0,0.0,3.2323583612040117,0.28444565217391327,0.005014548494983277,0.0,0.14724448160535117,44.76976923076917,0,0,1.001,0,6.0031,0,1303.7689000000003,873.7242999999999,4855.4582000000055,37.0217,2607.250100000001,110.55650000000003,3309.4774999999954,13660.056199999975,15.0086,88.99140000000001,75.9914,88.99140000000001,0,249.06040000000016,13660.056199999975,248.06040000000016,0,0,2.0,0,0,0,0.9987,16.022100000000002,16.022100000000002,7.0118,1.0,4.0052,0,0,0,170.09850000000014,2.9987,0,88.0522,0.04672558530990159,0.2794190001532115,0.0,0.0,0.0016739130434782607,0.1006841137123746,0.0,0.010038628762541807,0.0,0.07701220735785955,0.27983344481605354,2.1431560200668907,1.4443543478260867,2.1430302675585273,0.06190919732441472,0.6696175585284286,0.1714991638795987,1.740387458193978,7.759049331103689,0.02509799331103679,0.1488150501672241,0.12707591973244148,0.1488150501672241,0.0,0.4164889632107026,7.759049331103689,0.414816722408027,0.0,0.0,0.0033444816053511705,0.0,0.0,0.0,0.0016700668896321071,0.026792809364548496,0.026792809364548496,0.011725418060200669,0.0016722408026755853,0.006697658862876254,0.0,0.0,0.0,0.0,0.5592906354515053,0.28444565217391327,0.005014548494983277,0.0,0.14724448160535117,16.158101337792598,0,0,1.001,0,6.0031,0,1281.6073000000006,863.7238999999998,1281.5320999999994,37.0217,400.4313000000003,102.55650000000003,1040.751699999999,4639.9115000000065,15.0086,88.99140000000001,75.9914,88.99140000000001,0,249.06040000000016,4639.9115000000065,248.06040000000016,0,0,2.0,0,0,0,0.9987,16.022100000000002,16.022100000000002,7.0118,1.0,4.0052,0,0,0,170.09850000000014,2.9987,0,88.0522,16.176907357858934,96.73790599999641,0.0,0.500428929768474,2.9925650000154747
Head R3,08,DLAA,1.831338666666664,0.740979833333334,0.5558801666666665,0.1400606666666667,0.658545833333333,0.7957626666666667,6.1982796666666555,3.5926548333333304,,0.18177849999999998,0.2784999997475097,True,4.918,60.0,600,9.996,58.488299999999995,0.0,0.0,0.0016686666666666668,0.0066665000000000006,0.0,0.0,0.0066708333333333324,0.4820141666666665,0.0016696666666666667,1.6308126666666651,1.4379939999999998,21.857404833333398,0.053358499999999996,3.931493000000001,0.13385816666666667,6.843195666666649,12.163733333333315,0.025014833333333333,0.11857299999999997,0.0985058333333333,0.11857299999999997,0.0,0.11531649999999999,12.163733333333315,0.11364883333333334,0.0,0.0,0.051763,0.0,0.0,0.0,0.0033333333333333335,0.016706833333333334,0.018385500000000003,0.006684333333333334,0.0016758333333333334,0.0033453333333333334,0.0,0.0,0.0,0.050048333333333334,0.0,0.0,0.05509633333333333,0.0,0.1400606666666667,48.076865000000055,0,0,1.0012,0,0,4.0024999999999995,978.487599999999,862.7963999999998,13114.442900000038,32.0151,2358.8958000000007,80.3149,4105.917399999989,7298.239999999989,15.0089,71.14379999999998,59.10349999999998,71.14379999999998,0,69.1899,7298.239999999989,68.1893,0,0,31.0578,0,0,0,2.0,10.0241,11.031300000000002,4.0106,1.0055,2.0072,0,0,0,0,33.0578,0,84.03640000000001,0.12997150000217061,0.7798290000130237,0.0,0.0,0.0016686666666666668,0.0016665,0.0,0.0,0.0066708333333333324,0.0,0.0016696666666666667,1.615726166666665,1.426327333333333,1.5863635000000003,0.053358499999999996,0.5428074999999999,0.12885816666666666,1.641761333333333,6.341734666666664,0.023348166666666666,0.11857299999999997,0.0985058333333333,0.11857299999999997,0.0,0.11531649999999999,6.341734666666664,0.11364883333333334,0.0,0.0,0.051763,0.0,0.0,0.0,0.0033333333333333335,0.016706833333333334,0.018385500000000003,0.006684333333333334,0.0016758333333333334,0.0033453333333333334,0.0,0.0,0.0,0.0233465,0.0,0.0,0.05509633333333333,0.0,0.1400606666666667,13.360285333333325,0,0,1.0012,0,0,4.0024999999999995,969.435699999999,855.7963999999998,951.8181000000002,32.0151,325.68449999999996,77.3149,985.0567999999998,3805.0407999999984,14.0089,71.14379999999998,59.10349999999998,71.14379999999998,0,69.1899,3805.0407999999984,68.1893,0,0,31.0578,0,0,0,2.0,10.0241,11.031300000000002,4.0106,1.0055,2.0072,0,0,0,0,33.0578,0,84.03640000000001,13.343798333331799,80.0627899999908,0.0,3.1933609999989443,19.160165999993666
Head R3,09,DLAA,1.1117367374005305,0.524202652519894,0.3998663129973476,0.16181127320954902,0.26522665782493365,0.5146114058355438,4.412628779840849,3.436785809018567,,0.20159549071618035,0.44330000056470453,True,5.471,75.4,754,8.969,39.092200000000005,0.0,0.0,0.001326259946949602,0.003978779840848806,0.0,0.0,0.003979045092838196,1.012434350132626,0.0,1.2732718832891248,1.1302114058355437,7.397352254641905,0.04774694960212201,4.432766312997347,0.1591631299734748,5.541862068965518,8.471980901856758,0.030507427055702918,0.07431061007957561,0.0610286472148541,0.07431061007957561,0.0,1.4907371352785148,8.471980901856758,1.4907371352785148,0.0,0.0,0.06687029177718833,0.0,0.0,0.0,0.0039783819628647216,0.013287798408488066,0.013287798408488066,0.004002785145888594,0.0,0.0013261273209549073,0.0,0.0,0.0,0.0,0.010610079575596816,0.0,0.07084867374005306,0.0,0.16181127320954902,28.484862334217492,0,0,1.0,0,0,3.0001999999999995,960.0470000000001,852.1793999999999,5577.603599999996,36.0012,3342.3057999999996,120.00899999999999,4178.564,6387.873599999996,23.0026,56.03020000000001,46.01559999999999,56.03020000000001,0,1124.0158000000001,6387.873599999996,1124.0158000000001,0,0,50.4202,0,0,0,2.9997000000000003,10.019000000000002,10.019000000000002,3.0181,0,0.9999,0,0,0,0,53.419900000000005,0,122.00569999999996,0.07378488063642906,0.5563379999986751,0.0,0.0,0.001326259946949602,0.0,0.0,0.0,0.003979045092838196,0.0,0.0,1.2533063660477455,1.1196013262599467,1.584536870026526,0.04774694960212201,1.4920972148541112,0.1485425729442971,1.2846355437665786,3.502137002652521,0.027854907161803718,0.07431061007957561,0.0610286472148541,0.07431061007957561,0.0,1.4907371352785148,3.502137002652521,1.4907371352785148,0.0,0.0,0.06687029177718833,0.0,0.0,0.0,0.0039783819628647216,0.013287798408488066,0.013287798408488066,0.004002785145888594,0.0,0.0013261273209549073,0.0,0.0,0.0,0.0,0.0,0.0,0.07084867374005306,0.0,0.16181127320954902,10.460458753315633,0,0,1.0,0,0,3.0001999999999995,944.993,844.1793999999999,1194.7408000000007,36.0012,1125.0412999999999,112.00110000000001,968.6152000000003,2640.611300000001,21.002600000000005,56.03020000000001,46.01559999999999,56.03020000000001,0,1124.0158000000001,2640.611300000001,1124.0158000000001,0,0,50.4202,0,0,0,2.9997000000000003,10.019000000000002,10.019000000000002,3.0181,0,0.9999,0,0,0,0,53.419900000000005,0,122.00569999999996,10.480699734748855,79.02447600000637,0.0,2.708702785145968,20.4236190000006
Head R3,10,DLAA,1.2149613333333336,0.5474748333333335,0.44848166666666683,0.11670366666666669,0.3517831666666668,0.37201500000000004,4.7179603333333375,3.6099741666666745,,0.0450005,0.41990001986778225,True,2.901,60.0,600,9.601,30.286399999999993,0.0,0.0,0.0016666666666666668,0.0,0.0,0.0,0.006666666666666667,0.7134046666666666,0.0,1.4588758333333347,1.0762505,6.199376166666672,0.03834983333333333,3.5577431666666666,0.14722949999999999,5.074799000000001,8.433036999999995,0.021673500000000002,0.12511566666666665,0.11175066666666664,0.12511566666666665,0.0,0.125663,8.433036999999995,0.12399433333333335,0.0016666666666666668,0.0,0.04519283333333335,0.0,0.0,0.0,0.0,0.015248333333333334,0.015248333333333334,0.008572333333333333,0.0,0.0033333333333333335,0.0,0.0,0.0,0.0,0.0,0.0,0.04519283333333335,0.0,0.11670366666666669,26.007334499999956,0,0,1.0,0,0,4.0,875.3255000000008,645.7503,3719.625700000003,23.0099,2134.6459,88.3377,3044.8794000000007,5059.822199999997,13.004100000000001,75.06939999999999,67.05039999999998,75.06939999999999,0,75.3978,5059.822199999997,74.3966,1.0,0,27.115700000000007,0,0,0,0,9.149000000000001,9.149000000000001,5.1434,0,2.0,0,0,0,0,27.115700000000007,0,70.02220000000001,0.05782383336376521,0.3469430001825913,0.0,0.0,0.0016666666666666668,0.0,0.0,0.0,0.006666666666666667,0.0,0.0,1.4405425000000014,1.0712505,1.3146090000000012,0.03834983333333333,0.49637366666666677,0.14556283333333334,1.263394333333333,4.126875333333338,0.021673500000000002,0.12511566666666665,0.11175066666666664,0.12511566666666665,0.0,0.125663,4.126875333333338,0.12399433333333335,0.0016666666666666668,0.0,0.04519283333333335,0.0,0.0,0.0,0.0,0.015248333333333334,0.015248333333333334,0.008572333333333333,0.0,0.0033333333333333335,0.0,0.0,0.0,0.0,0.0,0.0,0.04519283333333335,0.0,0.11670366666666669,9.918631500000002,0,0,1.0,0,0,4.0,864.3255000000008,642.7503,788.7654000000008,23.0099,297.8242000000001,87.3377,758.0365999999998,2476.1252000000027,13.004100000000001,75.06939999999999,67.05039999999998,75.06939999999999,0,75.3978,2476.1252000000027,74.3966,1.0,0,27.115700000000007,0,0,0,0,9.149000000000001,9.149000000000001,5.1434,0,2.0,0,0,0,0,27.115700000000007,0,70.02220000000001,9.926078333329121,59.55646999997472,0.0,6.6834643333402255,40.10078600004135
Head R3,11,DLSS,0.6613920856610799,0.4184366852886407,0.3210248603351958,0.12575661080074482,0.5627385474860337,1.0827916201117314,2.942559683426445,0.20854757914338923,0.38052877094972043,0.1645756052141527,1.8803000095849711,True,9.01,107.4,1074,8.277,47.15710000000001,0.0,0.0,0.005591340782122904,0.1008429236499069,0.0,0.008377001862197394,0.0,0.35218761638733703,0.18428696461824956,1.0015013966480446,0.7417922718808191,21.449030074487904,0.04470968342644322,2.487551769087521,0.09902979515828676,7.590079981378045,13.79498016759777,0.02142821229050279,0.03860865921787708,0.03297998137802606,0.03860865921787708,0.0,0.5090943202979514,13.79498016759777,0.5090943202979514,0.000931098696461825,0.0,0.016140875232774674,0.0,0.0,0.0,0.0009318435754189944,0.014235661080074489,0.01525167597765363,0.0029513966480446924,0.002878026070763501,0.0010160148975791434,0.0,0.0,0.0,0.0,0.39649115456238354,0.2673300744878958,0.017072718808193665,0.0,0.12575661080074482,47.230103351954924,0,0,6.005099999999999,0,8.9969,0,1075.6125,796.6848999999997,23036.25830000001,48.01820000000002,2671.6305999999977,106.35799999999999,8151.74590000002,14815.808700000005,23.013899999999996,41.465699999999984,35.42049999999999,41.465699999999984,0,546.7672999999999,14815.808700000005,546.7672999999999,1.0,0,17.3353,0,0,0,1.0008,15.289100000000001,16.3803,3.1697999999999995,3.091,1.0912,0,0,0,287.1125000000001,18.3361,0,135.06259999999995,0.1568788640679814,1.6848790000901204,0.0,0.0,0.005591340782122904,0.007494972067039106,0.0,0.008377001862197394,0.0,0.03239478584729981,0.18428696461824956,0.9893432960893854,0.7362056797020481,1.6237498137802624,0.04470968342644322,0.4099876163873375,0.09344664804469274,1.2451304469273727,3.4710305400372405,0.02142821229050279,0.03860865921787708,0.03297998137802606,0.03860865921787708,0.0,0.5090943202979514,3.4710305400372405,0.5090943202979514,0.000931098696461825,0.0,0.016140875232774674,0.0,0.0,0.0,0.0009318435754189944,0.014235661080074489,0.01525167597765363,0.0029513966480446924,0.002878026070763501,0.0010160148975791434,0.0,0.0,0.0,0.0,0.013196834264432031,0.2673300744878958,0.017072718808193665,0.0,0.12575661080074482,8.63503193668532,0,0,6.005099999999999,0,8.9969,0,1062.5547,790.6848999999996,1743.907300000002,48.01820000000002,440.32670000000047,100.3617,1337.2700999999984,3727.886799999996,23.013899999999996,41.465699999999984,35.42049999999999,41.465699999999984,0,546.7672999999999,3727.886799999996,546.7672999999999,1.0,0,17.3353,0,0,0,1.0008,15.289100000000001,16.3803,3.1697999999999995,3.091,1.0912,0,0,0,287.1125000000001,18.3361,0,135.06259999999995,8.629050093110447,92.6759980000062,0.0,0.5268087523277021,5.65792599999952
Head R3,12,DLSS,0.6380904864864865,0.47067027027027,0.3287976216216218,0.15035264864864867,0.46238637837837826,1.1502392432432422,3.0002188108108125,0.4100326486486486,0.5023569729729728,0.04825924324324325,1.9299000263363268,True,7.833,92.5,925,8.934,41.0293,0.0,0.0,0.005407135135135135,0.3735294054054054,0.0,0.011915891891891892,0.0,0.28400875675675674,0.2558331891891891,1.0742868108108112,0.8038002162162167,7.818413837837853,0.05733362162162162,3.161130810810812,0.1337006486486486,6.1898202162162175,17.138389621621606,0.018386054054054055,0.04774335135135134,0.04225891891891892,0.04774335135135134,0.0,1.0326530810810814,17.138389621621606,1.0326530810810814,0.0,0.0,0.04764864864864865,0.0,0.0,0.0,0.0010852972972972973,0.021665405405405406,0.023833945945945945,0.005414810810810811,0.0010817297297297296,0.003269081081081081,0.0,0.0,0.0,0.0,1.7110035675675679,0.3320535135135136,0.04873394594594594,0.0,0.15035264864864867,36.395261837837865,0,0,5.0016,0,11.0222,0,993.7153000000003,743.5152000000004,7232.032800000014,53.03359999999999,2924.0460000000007,123.67309999999998,5725.583700000001,15853.010399999985,17.0071,44.16259999999999,39.0895,44.16259999999999,0,955.2041000000004,15853.010399999985,955.2041000000004,0,0,44.075,0,0,0,1.0039,20.0405,22.0464,5.0087,1.0006,3.0239000000000003,0,0,0,307.14950000000005,45.0789,0,139.07620000000003,0.060565189211305354,0.5602280002045745,0.0,0.0,0.005407135135135135,0.04446724324324324,0.0,0.011915891891891892,0.0,0.09877243243243243,0.2558331891891891,1.0567183783783785,0.7940664864864869,1.7583028108108087,0.05733362162162162,0.7930540540540532,0.1304522162162162,1.2254930810810818,4.544170270270275,0.018386054054054055,0.04774335135135134,0.04225891891891892,0.04774335135135134,0.0,1.0326530810810814,4.544170270270275,1.0326530810810814,0.0,0.0,0.04764864864864865,0.0,0.0,0.0,0.0010852972972972973,0.021665405405405406,0.023833945945945945,0.005414810810810811,0.0010817297297297296,0.003269081081081081,0.0,0.0,0.0,0.0,0.20673405405405404,0.3320535135135136,0.04873394594594594,0.0,0.15035264864864867,10.37797697297295,0,0,5.0016,0,11.0222,0,977.4645000000002,734.5115000000004,1626.430099999998,53.03359999999999,733.5749999999991,120.66829999999997,1133.5811000000006,4203.357500000005,17.0071,44.16259999999999,39.0895,44.16259999999999,0,955.2041000000004,4203.357500000005,955.2041000000004,0,0,44.075,0,0,0,1.0039,20.0405,22.0464,5.0087,1.0006,3.0239000000000003,0,0,0,307.14950000000005,45.0789,0,139.07620000000003,10.35281794594818,95.76356600002067,0.0,0.39951405405817414,3.6955050000381107
Head R3,13,DLSS,1.7513725752508371,0.9516894648829433,0.6692337792642136,0.13721471571906352,1.3148518394648834,2.8655812709030095,7.237359698996657,0.4203737458193982,1.0366095317725754,0.048589464882943134,7.180200013845024,False,11.321,59.8,598,11.34,44.103,0.0,0.0,0.006692474916387959,0.7364787625418059,0.0,0.006691806020066889,0.0,0.2447892976588629,0.27801956521739135,2.040908361204014,1.6169045150501669,8.032149832775929,0.04016103678929765,4.324773244147155,0.12411404682274246,5.437484113712378,22.569813545150588,0.023425418060200667,0.10535602006688964,0.08695919732441472,0.10535602006688964,0.0,0.4414809364548494,22.569813545150588,0.43980785953177254,0.0,0.0,0.003346989966555184,0.0,0.0,0.0,0.0016724080267558528,0.030133110367892978,0.030133110367892978,0.011715719063545151,0.001678428093645485,0.006699832775919732,0.0,0.0,0.0016724080267558528,0.0,3.209039966555183,0.31455418060200663,0.005019397993311037,0.0,0.13721471571906352,44.20973411371217,0,0,4.0020999999999995,0,4.0017,0,1220.4632000000006,966.9088999999998,4803.225600000005,24.016299999999998,2586.214399999999,74.22019999999999,3251.6155000000017,13496.74850000005,14.0084,63.002900000000004,52.0016,63.002900000000004,0,264.00559999999996,13496.74850000005,263.00509999999997,0,0,2.0015,0,0,0,1.0001,18.0196,18.0196,7.006,1.0037,4.0065,0,0,1.0001,188.10339999999997,3.0016,0,82.05439999999999,0.047265050186767944,0.2826450001168723,0.0,0.0,0.006692474916387959,0.11916471571906356,0.0,0.006691806020066889,0.0,0.0921680602006689,0.27801956521739135,2.0239635451505023,1.600182107023411,2.1033826086956524,0.04016103678929765,0.5995423076923075,0.11909732441471571,1.7088416387959848,7.7638782608695625,0.021753177257525083,0.10535602006688964,0.08695919732441472,0.10535602006688964,0.0,0.4414809364548494,7.7638782608695625,0.43980785953177254,0.0,0.0,0.003346989966555184,0.0,0.0,0.0,0.0016724080267558528,0.030133110367892978,0.030133110367892978,0.011715719063545151,0.001678428093645485,0.006699832775919732,0.0,0.0,0.0016724080267558528,0.0,0.5352709030100333,0.31455418060200663,0.005019397993311037,0.0,0.13721471571906352,15.980802006689032,0,0,4.0020999999999995,0,4.0017,0,1210.3302000000003,956.9088999999998,1257.8228000000001,24.016299999999998,358.52629999999994,71.22019999999999,1021.887299999999,4642.799199999999,13.0084,63.002900000000004,52.0016,63.002900000000004,0,264.00559999999996,4642.799199999999,263.00509999999997,0,0,2.0015,0,0,0,1.0001,18.0196,18.0196,7.006,1.0037,4.0065,0,0,1.0001,188.10339999999997,3.0016,0,82.05439999999999,15.9976717391331,95.66607700001595,0.0,0.6894782608705089,4.123080000005643
Baseline R1,08,DLAA,1.68962933333333,0.7543434999999998,0.607204666666666,0.14842316666666666,0.593482833333333,0.7970713333333334,0.0033225,3.4090704999999963,,0.1616618333333333,0.10189999991780496,True,4.839,60.0,600,9.98,48.45209999999999,0.0,0.0,0.0016666666666666668,0.009990833333333332,0.0,0.0,0.0050016666666666655,0.5259453333333333,0.0016673333333333332,1.4618476666666673,1.3137160000000008,22.039165000000057,0.07005016666666666,3.831480500000001,0.11707016666666666,6.8863385,12.438289166666666,0.020008666666666668,0.0,0.0,0.0,0.0,0.0,12.438289166666666,0.12572216666666666,0.0,0.0,0.06840033333333331,0.0,0.0,0.0,0.0,0.0,0.0,0.0,0.0,0.0,0.0,0.0,0.0,0.080093,0.0,0.0,0.06840033333333331,0.0,0.14842316666666666,48.1779658333333,0,0,1.0,0,0,3.0009999999999994,877.1086000000004,788.2296000000005,13223.499000000034,42.0301,2298.8883000000005,70.2421,4131.8031,7462.973499999999,12.0052,0,0,0,0,0,7462.973499999999,75.4333,0,0,41.040199999999984,0,0,0,0,0,0,0,0,0,0,0,0,0,41.040199999999984,0,89.0539,0.13094633333454433,0.7856780000072661,0.0,0.0,0.0016666666666666668,0.008324166666666665,0.0,0.0,0.0050016666666666655,0.0,0.0016673333333333332,1.4316230000000005,1.302049333333334,1.485860666666666,0.07005016666666666,0.5678533333333332,0.10873683333333332,1.6910445000000016,6.442339999999999,0.018342,0.0,0.0,0.0,0.0,0.0,6.442339999999999,0.12572216666666666,0.0,0.0,0.06840033333333331,0.0,0.0,0.0,0.0,0.0,0.0,0.0,0.0,0.0,0.0,0.0,0.0,0.03999116666666666,0.0,0.0,0.06840033333333331,0.0,0.14842316666666666,13.117899833333324,0,0,1.0,0,0,3.0009999999999994,858.9738000000003,781.2296000000005,891.5163999999996,42.0301,340.71199999999993,65.2421,1014.6267000000009,3865.4039999999995,11.0052,0,0,0,0,0,3865.4039999999995,75.4333,0,0,41.040199999999984,0,0,0,0,0,0,0,0,0,0,0,0,0,41.040199999999984,0,89.0539,13.135964333333138,78.81578599999884,0.0,3.39992583333218,20.39955499999308
Baseline R1,09,DLAA,1.094023435419442,0.47284034620505977,0.37606950732356853,0.13451038615179758,0.25032716378162445,0.45019067909454086,0.005333288948069241,3.3595660452729663,,0.18376924101198408,1.6583999987324205,True,5.457,75.1,751,8.968,51.99,0.0,0.0,0.0039946737683089215,0.0039946737683089215,0.0,0.0,0.010650599201065244,1.060853395472703,0.0,1.147386950732357,1.1126229027962715,7.3351384820239725,0.053274167776298245,4.382317177097203,0.14666617842876167,5.885551398135826,8.479290146471369,0.020067909454061252,0.0,0.0,0.0,0.0,0.0,8.479290146471369,1.5887234354194402,0.0013318242343541944,0.0,0.059044740346205056,0.0,0.0,0.0,0.0013304926764314247,0.0,0.0,0.0,0.0,0.0,0.0,0.0,0.0,0.0,0.009320905459387484,0.0,0.06037523302263648,0.0,0.13451038615179758,28.562315312916102,0,0,3.0,0,0,7.998599999999999,861.6876000000002,835.5797999999999,5508.689000000003,40.00889999999998,3291.1202,110.14630000000001,4420.049100000006,6367.946899999998,15.071,0,0,0,0,0,6367.946899999998,1193.1312999999996,1.0002,0,44.3426,0,0,0,0.9992,0,0,0,0,0,0,0,0,0,45.3418,0,101.01729999999998,0.0768645805540902,0.5772529999612175,0.0,0.0,0.0039946737683089215,0.0,0.0,0.0,0.010650599201065244,0.0,0.0,1.1206944074567247,1.1006388814913446,1.5835784287616506,0.053274167776298245,1.5567263648468717,0.1346821571238349,1.4214043941411447,3.4824327563248976,0.020067909454061252,0.0,0.0,0.0,0.0,0.0,3.4824327563248976,1.5887234354194402,0.0013318242343541944,0.0,0.059044740346205056,0.0,0.0,0.0,0.0013304926764314247,0.0,0.0,0.0,0.0,0.0,0.0,0.0,0.0,0.0,0.0,0.0,0.06037523302263648,0.0,0.13451038615179758,10.473499467376838,0,0,3.0,0,0,7.998599999999999,841.6415000000003,826.5797999999998,1189.2673999999995,40.00889999999998,1169.1015000000007,101.14630000000001,1067.4746999999998,2615.306999999998,15.071,0,0,0,0,0,2615.306999999998,1193.1312999999996,1.0002,0,44.3426,0,0,0,0.9992,0,0,0,0,0,0,0,0,0,45.3418,0,101.01729999999998,10.426693475369358,78.30446800002387,0.0,2.8142294274303907,21.134863000002234
Baseline R1,10,DLAA,1.347382666666668,0.6021088333333331,0.46360066666666644,0.108337,0.3285153333333334,0.39505599999999996,0.0016666666666666668,3.4699386666666676,,0.05500533333333333,0.1879000255066785,True,2.922,60.0,600,9.688,35.406299999999995,0.0,0.0,0.0016660000000000002,0.0,0.0,0.0,0.010003333333333335,0.703669,0.0,1.2781656666666665,1.1325793333333336,21.79497649999997,0.03832483333333333,3.471455499999999,0.11086599999999999,6.397312500000008,8.934502166666666,0.0216645,0.0,0.0,0.0,0.0,0.0,8.934502166666666,0.12227366666666661,0.0,0.0,0.05664316666666667,0.0,0.0,0.0,0.005,0.0,0.0,0.0,0.0,0.0,0.0,0.0,0.0,0.0,0.0,0.0,0.06164316666666666,0.0,0.108337,43.17984700000023,0,0,0.9996,0,0,6.002000000000001,766.8993999999999,679.5476000000002,13076.985899999981,22.994899999999998,2082.8732999999993,66.5196,3838.387500000005,5360.7013,12.9987,0,0,0,0,0,5360.7013,73.36419999999997,0,0,33.9859,0,0,0,3.0,0,0,0,0,0,0,0,0,0,36.985899999999994,0,65.0022,0.1091270000354901,0.6547620002129406,0.0,0.0,0.0016660000000000002,0.0,0.0,0.0,0.010003333333333335,0.0,0.0,1.2580494999999998,1.1275793333333335,1.3463809999999996,0.03832483333333333,0.4955048333333332,0.10253266666666666,1.3973445000000007,4.472490166666665,0.0216645,0.0,0.0,0.0,0.0,0.0,4.472490166666665,0.12227366666666661,0.0,0.0,0.05664316666666667,0.0,0.0,0.0,0.005,0.0,0.0,0.0,0.0,0.0,0.0,0.0,0.0,0.0,0.0,0.0,0.06164316666666666,0.0,0.108337,10.259871333333308,0,0,0.9996,0,0,6.002000000000001,754.8296999999999,676.5476000000001,807.8285999999997,22.994899999999998,297.3028999999999,61.5196,838.4067000000005,2683.494099999999,12.9987,0,0,0,0,0,2683.494099999999,73.36419999999997,0,0,33.9859,0,0,0,3.0,0,0,0,0,0,0,0,0,0,36.985899999999994,0,65.0022,10.20071500000251,61.204290000015064,0.0,6.357137833337845,38.14282700002707
Baseline R1,11,DLSS,0.8748630107526887,0.501844086021505,0.44402397849462366,0.14201344086021506,0.5380762365591395,0.7219222580645157,0.0010776344086021504,2.0710735483871,0.6835702150537638,0.15736731182795705,1.1828000029527175,True,8.499,93.0,930,8.4,55.15480000000001,0.0,0.0,0.002239032258064516,0.11743225806451613,0.0,0.007527956989247311,0.0,0.3189929032258064,0.006519677419354839,1.4080601075268833,0.9678839784946238,19.18657333333338,0.052717849462365594,3.0857298924731182,0.10783698924731182,7.558433118279583,14.478756236559136,0.02474516129032258,0.0,0.0,0.0,0.0,0.0,14.478756236559136,0.401532043010753,0.0,0.0,0.010946236559139785,0.0,0.0,0.0,0.0032206451612903225,0.0,0.0,0.0,0.0,0.0,0.0,0.0,0.0,0.0,0.3894334408602151,0.28831204301075275,0.014166881720430105,0.0,0.14201344086021506,46.87073666666664,0,0,2.0823,0,7.0009999999999994,0,1309.4959000000015,900.1321000000002,17843.513200000045,49.0276,2869.7288,100.2884,7029.342800000012,13465.243299999996,23.012999999999998,0,0,0,0,0,13465.243299999996,373.4248000000003,0,0,10.18,0,0,0,2.9952,0,0,0,0,0,0,0,0,268.13020000000006,13.175199999999998,0,132.0725,0.12131387097275409,1.128219000046613,0.0,0.0,0.002239032258064516,0.0,0.0,0.007527956989247311,0.0,0.003218494623655914,0.006519677419354839,1.391864193548389,0.9614329032258064,1.924970967741936,0.052717849462365594,0.39200204301075275,0.1046111827956989,1.5451441935483883,3.6780690322580614,0.02474516129032258,0.0,0.0,0.0,0.0,0.0,3.6780690322580614,0.401532043010753,0.0,0.0,0.010946236559139785,0.0,0.0,0.0,0.0032206451612903225,0.0,0.0,0.0,0.0,0.0,0.0,0.0,0.0,0.0,0.0,0.28831204301075275,0.014166881720430105,0.0,0.14201344086021506,10.075557526881706,0,0,2.0823,0,7.0009999999999994,0,1294.4337000000019,894.1326,1790.2230000000004,49.0276,364.56190000000004,97.28839999999998,1436.984100000001,3420.604199999997,23.012999999999998,0,0,0,0,0,3420.604199999997,373.4248000000003,0,0,10.18,0,0,0,2.9952,0,0,0,0,0,0,0,0,268.13020000000006,13.175199999999998,0,132.0725,10.101287526880267,93.94197399998647,0.0,0.5313586021501546,4.941634999996438
Baseline R1,12,DLSS,0.7727448512585806,0.5927653318077799,0.4688499999999999,0.13062391304347834,0.5274289473684205,0.7677935926773458,0.0022905034324942793,2.3722272311212786,0.7757613272311212,0.13971819221967965,1.043500022176886,True,8.492,87.4,874,8.921,52.28450000000001,0.0,0.0,0.0034329519450800915,0.41037608695652167,0.0,0.008012929061784897,0.0,0.26361041189931345,0.06784656750572082,1.2764567505720816,1.0973961098398168,7.898732494279167,0.057350457665903874,3.332321624713959,0.11817036613272318,5.37442665903889,17.660459153318072,0.020602631578947372,0.0,0.0,0.0,0.0,0.0,17.660459153318072,0.4622088100686499,0.001143020594965675,0.0,0.03205858123569794,0.0,0.0,0.0,0.002288100686498856,0.0,0.0,0.0,0.0,0.0,0.0,0.0,0.0,0.0,1.7031205949656758,0.29088398169336366,0.034346681922196795,0.0,0.13062391304347834,36.83591624713958,0,0,3.0004,0,7.003299999999999,0,1115.6231999999993,959.1242,6903.4921999999915,50.124299999999984,2912.4491000000003,103.28090000000006,4697.24889999999,15435.241299999996,18.006700000000002,0,0,0,0,0,15435.241299999996,403.9705,0.999,0,28.0192,0,0,0,1.9998,0,0,0,0,0,0,0,0,254.23259999999982,30.019000000000002,0,114.16530000000007,0.049370251739457166,0.4314960002028556,0.0,0.0,0.0034329519450800915,0.0,0.0,0.008012929061784897,0.0,0.07793638443935927,0.06784656750572082,1.2615900457665896,1.0916569794050344,1.871874485125856,0.057350457665903874,0.4890387871853544,0.11473787185354697,1.6661771167048043,4.471858009153323,0.01945846681922197,0.0,0.0,0.0,0.0,0.0,4.471858009153323,0.4622088100686499,0.001143020594965675,0.0,0.03205858123569794,0.0,0.0,0.0,0.002288100686498856,0.0,0.0,0.0,0.0,0.0,0.0,0.0,0.0,0.0,0.0,0.29088398169336366,0.034346681922196795,0.0,0.13062391304347834,11.04374221967964,0,0,3.0004,0,7.003299999999999,0,1102.6296999999993,954.1082,1636.0182999999981,50.124299999999984,427.4198999999997,100.28090000000006,1456.238799999999,3908.403900000004,17.006700000000002,0,0,0,0,0,3908.403900000004,403.9705,0.999,0,28.0192,0,0,0,1.9998,0,0,0,0,0,0,0,0,254.23259999999982,30.019000000000002,0,114.16530000000007,11.003470022883203,96.17032799999919,0.0,0.3900012585834934,3.4086110000197323
Baseline R1,13,DLSS,1.9341595563139944,1.1425639931740608,0.7514197952218417,0.15881075085324237,1.2806950511945383,2.051845221843003,0.010228498293515359,2.045498122866896,1.4435970989761078,0.04950409556313993,0.9375000148083927,True,14.532,58.6,586,12.001,29.0318,0.0,0.0,0.006830204778156996,0.7579225255972692,0.0,0.018780204778156995,0.0,0.25488395904436856,0.20008720136518773,2.4461568259385698,1.764467747440273,8.637061092150166,0.058066894197952204,4.891532593856652,0.11634778156996588,5.686939078498295,23.925886689419723,0.023901706484641638,0.0,0.0,0.0,0.0,0.0,23.925886689419723,0.4447740614334471,0.0,0.0,0.0017092150170648465,0.0,0.0,0.0,0.0017063139931740615,0.0,0.0,0.0,0.0,0.0,0.0,0.0,0.0,0.0,3.340130546075086,0.33637372013651895,0.003415529010238908,0.0,0.15881075085324237,47.550360409556255,0,0,4.0024999999999995,0,11.005199999999999,0,1433.447900000002,1033.9781,5061.317799999997,34.02719999999999,2866.438099999998,68.1798,3332.546300000001,14020.569599999957,14.0064,0,0,0,0,0,14020.569599999957,260.6376,0,0,1.0016,0,0,0,0.9999,0,0,0,0,0,0,0,0,197.1150000000001,2.0015,0,93.06310000000003,0.04773566555015161,0.2797310001238884,0.0,0.0,0.006830204778156996,0.0,0.0,0.018780204778156995,0.0,0.0701566552901024,0.20008720136518773,2.4150319112628016,1.7474100682593858,2.5083996587030706,0.058066894197952204,0.7338127986348124,0.11634778156996588,1.8600880546075078,7.1607411262798655,0.02219522184300341,0.0,0.0,0.0,0.0,0.0,7.1607411262798655,0.4447740614334471,0.0,0.0,0.0017092150170648465,0.0,0.0,0.0,0.0017063139931740615,0.0,0.0,0.0,0.0,0.0,0.0,0.0,0.0,0.0,0.0,0.33637372013651895,0.003415529010238908,0.0,0.15881075085324237,16.622093515358348,0,0,4.0024999999999995,0,11.005199999999999,0,1415.2087000000017,1023.9823000000001,1469.9221999999993,34.02719999999999,430.0143000000001,68.1798,1090.0115999999996,4196.194300000001,13.0064,0,0,0,0,0,4196.194300000001,260.6376,0,0,1.0016,0,0,0,0.9999,0,0,0,0,0,0,0,0,197.1150000000001,2.0015,0,93.06310000000003,16.53552235495256,96.89816100002199,0.0,0.4831882252563496,2.8314830000022084
Baseline R2,08,DLAA,1.7979773333333349,0.7609668333333331,0.5523900000000002,0.11838666666666671,0.6406149999999998,0.8203716666666666,0.0016654999999999999,3.3216161666666686,,0.15333483333333334,0.6258000010257092,True,4.737,60.0,600,10.048,28.009,0.0,0.0,0.0049985,0.025015,0.0,0.0,0.008333166666666668,0.5056476666666666,0.0016669999999999999,1.4929374999999994,1.3452108333333352,6.723666000000003,0.04001883333333332,3.8481701666666686,0.1084675,4.475872,11.593340166666659,0.016667166666666667,0.0,0.0,0.0,0.0,0.0,11.593340166666659,0.13408483333333335,0.0,0.0,0.05509366666666667,0.0,0.0,0.0,0.005,0.0,0.0,0.0,0.0,0.0,0.0,0.0,0.0,0.06001183333333333,0.0,0.0,0.06009366666666666,0.0,0.11838666666666671,29.644350166666662,0,0,2.9991000000000003,0,0,4.9999,895.7624999999996,807.1265000000011,4034.199600000002,24.011299999999995,2308.902100000001,65.0805,2685.5232,6956.004099999996,10.000300000000001,0,0,0,0,0,6956.004099999996,80.4509,0,0,33.056200000000004,0,0,0,3.0,0,0,0,0,0,0,0,0,0,36.0562,0,71.03200000000002,0.054889666668233396,0.3293380000094004,0.0,0.0,0.0049985,0.010008666666666666,0.0,0.0,0.008333166666666668,0.0,0.0016669999999999999,1.4594378333333329,1.3385441666666684,1.4660449999999996,0.04001883333333332,0.5981273333333333,0.10180083333333333,1.316350500000001,6.015175333333329,0.016667166666666667,0.0,0.0,0.0,0.0,0.0,6.015175333333329,0.13408483333333335,0.0,0.0,0.05509366666666667,0.0,0.0,0.0,0.005,0.0,0.0,0.0,0.0,0.0,0.0,0.0,0.0,0.025009499999999997,0.0,0.0,0.06009366666666666,0.0,0.11838666666666671,12.352166999999985,0,0,2.9991000000000003,0,0,4.9999,875.6626999999997,803.1265000000011,879.6269999999997,24.011299999999995,358.8764,61.080499999999994,789.8103000000007,3609.1051999999977,10.000300000000001,0,0,0,0,0,3609.1051999999977,80.4509,0,0,33.056200000000004,0,0,0,3.0,0,0,0,0,0,0,0,0,0,36.0562,0,71.03200000000002,12.397307666666322,74.38384599999793,0.0,4.2155123333338205,25.293074000002925
Baseline R2,09,DLAA,1.0085634308510647,0.5236226063829785,0.3927648936170211,0.15692992021276597,0.2580550531914893,0.4508128989361702,0.0013304521276595743,3.344438962765958,,0.1808715425531915,0.4162999985819624,True,5.442,75.2,752,8.971,33.236,0.0,0.0,0.0013297872340425532,0.006648936170212766,0.0,0.0,0.010635638297872339,1.0510091755319149,0.0013303191489361702,1.1709136968085108,1.070134175531914,6.870873670212765,0.058518750000000015,4.608826728723401,0.15197819148936173,5.476564228723399,8.318698936170197,0.023937234042553195,0.0,0.0,0.0,0.0,0.0,8.318698936170197,1.6070977393617025,0.0,0.0,0.05188789893617022,0.0,0.0,0.0,0.0026590425531914895,0.0,0.0,0.0,0.0,0.0,0.0,0.0,0.0,0.0,0.011968085106382979,0.0,0.05454694148936169,0.0,0.15692992021276597,27.750445611702045,0,0,1.0,0,0,7.997999999999999,880.5271000000001,804.7408999999993,5166.896999999999,44.00610000000001,3465.8376999999978,114.28760000000003,4118.376299999996,6255.661599999988,18.0008,0,0,0,0,0,6255.661599999988,1208.5375000000004,0,0,39.01970000000001,0,0,0,1.9996,0,0,0,0,0,0,0,0,0,41.019299999999994,0,118.01130000000002,0.07488125000039336,0.5631070000029581,0.0,0.0,0.0013297872340425532,0.0,0.0,0.0,0.010635638297872339,0.0,0.0013303191489361702,1.1575469414893618,1.0634852393617011,1.4945216755319164,0.05718896276595746,1.6978752659574479,0.1439994680851064,1.2788027925531915,3.428083111702128,0.019947872340425533,0.0,0.0,0.0,0.0,0.0,3.428083111702128,1.6070977393617025,0.0,0.0,0.05188789893617022,0.0,0.0,0.0,0.0026590425531914895,0.0,0.0,0.0,0.0,0.0,0.0,0.0,0.0,0.0,0.0,0.0,0.05454694148936169,0.0,0.15692992021276597,10.341451329787244,0,0,1.0,0,0,7.997999999999999,870.4753000000001,799.7408999999992,1123.8803000000012,43.00610000000001,1276.8022000000008,108.28760000000003,961.6597,2577.9185,15.000800000000002,0,0,0,0,0,2577.9185,1208.5375000000004,0,0,39.01970000000001,0,0,0,1.9996,0,0,0,0,0,0,0,0,0,41.019299999999994,0,118.01130000000002,10.346520345742661,77.80583299998482,0.0,2.8770243351061224,21.635222999998042
Baseline R2,10,DLAA,1.3026419999999987,0.6059558333333334,0.5005861666666668,0.10336183333333333,0.32853733333333346,0.46693466666666666,0.0033346666666666663,3.541416166666667,,0.17004883333333334,0.08960002269304823,True,3.081,60.0,600,9.686,31.109399999999997,0.0,0.0,0.0,0.0,0.0,0.0,0.008332666666666667,0.7809063333333334,0.0,1.2759868333333333,1.1277839999999995,16.928884500000002,0.03834849999999999,3.599310333333333,0.0784685,5.794367000000006,8.948314166666652,0.020000999999999998,0.0,0.0,0.0,0.0,0.0,8.948314166666652,0.14616533333333334,0.0,0.0,0.03163916666666666,0.0,0.0,0.0,0.0016666666666666668,0.0,0.0,0.0,0.0,0.0,0.0,0.0,0.0,0.0,0.0,0.0,0.03330583333333334,0.0,0.10336183333333333,37.81146483333336,0,0,0,0,0,4.9996,765.5921,676.6703999999996,10157.3307,23.009099999999993,2159.5861999999997,47.0811,3476.6202000000035,5368.988499999991,12.000599999999999,0,0,0,0,0,5368.988499999991,87.6992,0,0,18.9835,0,0,0,1.0,0,0,0,0,0,0,0,0,0,19.983500000000003,0,62.0171,0.09549700003418593,0.5729820002051156,0.0,0.0,0.0,0.0,0.0,0.0,0.008332666666666667,0.0,0.0,1.2559635,1.114450666666666,1.3230154999999997,0.03834849999999999,0.5112431666666664,0.07180183333333333,1.3311953333333313,4.480674499999988,0.01833433333333333,0.0,0.0,0.0,0.0,0.0,4.480674499999988,0.14616533333333334,0.0,0.0,0.03163916666666666,0.0,0.0,0.0,0.0016666666666666668,0.0,0.0,0.0,0.0,0.0,0.0,0.0,0.0,0.0,0.0,0.0,0.03330583333333334,0.0,0.10336183333333333,10.145027333333331,0,0,0,0,0,4.9996,753.5781,668.6703999999996,793.8092999999998,23.009099999999993,306.74589999999984,43.0811,798.7171999999988,2688.4046999999928,11.000599999999999,0,0,0,0,0,2688.4046999999928,87.6992,0,0,18.9835,0,0,0,1.0,0,0,0,0,0,0,0,0,0,19.983500000000003,0,62.0171,10.16229533332959,60.973771999977544,0.0,6.409023666674045,38.45414200004427
Baseline R2,11,DLSS,0.8404350372736948,0.5647732694355698,0.42733663471778477,0.12147454739084128,0.5457151224707131,0.7104159744408941,0.004254845580404686,2.071711608093716,0.6880164004259844,0.13106773162939292,1.0374000063129643,True,8.451,93.9,939,8.44,44.4582,0.0,0.0,0.0042607028753993605,0.10339872204472843,0.0,0.012784984025559104,0.0,0.30627838125665596,0.003191586794462194,1.3868362087326962,1.0217794462193825,22.126277316293876,0.049020660276890296,3.1257458998935035,0.11432917997870073,7.626439510117146,14.164333865814685,0.01811128860489883,0.0,0.0,0.0,0.0,0.0,14.164333865814685,0.43055420660276916,0.0,0.0,0.0053955271565495205,0.0,0.0,0.0,0.0010649627263045794,0.0,0.0,0.0,0.0,0.0,0.0,0.0,0.0,0.0,0.3786624068157614,0.2759814696485623,0.0064604898828540995,0.0,0.12147454739084128,49.632873375931844,0,0,4.0008,0,12.005099999999999,0,1302.2392000000018,959.4509000000002,20776.57439999995,46.030399999999986,2935.0753999999997,107.3551,7161.2267,13300.309499999988,17.0065,0,0,0,0,0,13300.309499999988,404.29040000000026,0,0,5.0664,0,0,0,1.0,0,0,0,0,0,0,0,0,259.1466,6.0664,0,114.06459999999996,0.16582832801487965,1.5571280000597199,0.0,0.0,0.0042607028753993605,0.0,0.0,0.012784984025559104,0.0,0.003194781682641108,0.003191586794462194,1.37283919062833,1.0131730564430246,1.8563567625133124,0.049020660276890296,0.4477485623003196,0.10687444089456866,1.4935982960596375,3.6721134185303583,0.01704632587859425,0.0,0.0,0.0,0.0,0.0,3.6721134185303583,0.43055420660276916,0.0,0.0,0.0053955271565495205,0.0,0.0,0.0,0.0010649627263045794,0.0,0.0,0.0,0.0,0.0,0.0,0.0,0.0,0.0,0.0,0.2759814696485623,0.0064604898828540995,0.0,0.12147454739084128,10.028770713525018,0,0,4.0008,0,12.005099999999999,0,1289.0960000000018,951.3695000000001,1743.1190000000004,46.030399999999986,420.4359000000001,100.35509999999996,1402.4887999999996,3448.1145000000065,16.006500000000003,0,0,0,0,0,3448.1145000000065,404.29040000000026,0,0,5.0664,0,0,0,1.0,0,0,0,0,0,0,0,0,259.1466,6.0664,0,114.06459999999996,9.96279605963927,93.55065500001275,0.0,0.5221076677306337,4.90259099999065
Baseline R2,12,DLSS,0.7704609557109562,0.6122442890442891,0.4273734265734265,0.15042680652680665,0.559204662004662,0.8118276223776213,0.0034921911421911425,2.2560834498834508,0.806053846153846,0.1614393939393939,0.9969000253840932,True,8.25,85.8,858,8.85,42.157700000000006,0.0,0.0,0.006993006993006993,0.43092925407925414,0.0,0.010494289044289043,0.0,0.2981192307692308,0.08879382284382288,1.3015151515151517,1.0239576923076927,8.204794172494188,0.059471445221445186,3.6730094405594365,0.12528310023310027,8.364044638694637,18.187317715617716,0.024542657342657342,0.0,0.0,0.0,0.0,0.0,18.187317715617716,0.5007477855477858,0.0,0.0,0.02448671328671329,0.0,0.0,0.0,0.0011655011655011655,0.0,0.0,0.0,0.0,0.0,0.0,0.0,0.0,0.0,1.730332983682984,0.2891815850815853,0.02565221445221445,0.0,0.15042680652680665,40.96393601398597,0,0,6.0,0,9.0041,0,1116.7000000000003,878.5557000000005,7039.713400000012,51.02649999999997,3151.4420999999966,107.49290000000003,7176.350299999998,15604.718600000002,21.0576,0,0,0,0,0,15604.718600000002,429.64160000000015,0,0,21.009600000000002,0,0,0,1.0,0,0,0,0,0,0,0,0,248.1178000000002,22.0096,0,129.0662000000001,0.0538033799766878,0.4616330001999813,0.0,0.0,0.006993006993006993,0.0,0.0,0.010494289044289043,0.0,0.08789277389277386,0.08879382284382288,1.289773193473194,1.0133815850815857,1.922958158508159,0.059471445221445186,0.5170833333333335,0.11827121212121217,1.6194396270396263,4.541184498834493,0.023377156177156178,0.0,0.0,0.0,0.0,0.0,4.541184498834493,0.5007477855477858,0.0,0.0,0.02448671328671329,0.0,0.0,0.0,0.0011655011655011655,0.0,0.0,0.0,0.0,0.0,0.0,0.0,0.0,0.0,0.0,0.2891815850815853,0.02565221445221445,0.0,0.15042680652680665,11.10494020979022,0,0,6.0,0,9.0041,0,1106.6254000000004,869.4814000000005,1649.8981000000003,51.02649999999997,443.6575000000001,101.47670000000004,1389.4791999999993,3896.336299999995,20.0576,0,0,0,0,0,3896.336299999995,429.64160000000015,0,0,21.009600000000002,0,0,0,1.0,0,0,0,0,0,0,0,0,248.1178000000002,22.0096,0,129.0662000000001,11.169904545455905,95.83778100001167,0.0,0.4324656177205335,3.710555000042177
Baseline R2,13,DLSS,1.9402476190476197,1.2475674285714282,0.8290262857142858,0.17539638095238094,1.652374095238093,2.2590097142857144,0.00571447619047619,2.283500571428572,1.408137904761906,0.1681100952380952,0.7468000140615914,True,19.775,52.5,525,13.535,41.00090000000001,0.0,0.0,0.0038123809523809525,0.7678729523809524,0.0,0.015248761904761904,0.0,0.2199737142857143,0.1890659047619048,2.635097142857144,2.038181142857143,10.558505904761923,0.07241580952380952,5.388473904761905,0.1699310476190476,6.859822857142858,27.470497714285617,0.02095733333333333,0.0,0.0,0.0,0.0,0.0,27.470497714285617,0.4637712380952379,0.0019049523809523809,0.0,0.005714285714285714,0.0,0.0,0.0,0.007794285714285714,0.0,0.0,0.0,0.0,0.0,0.0,0.0,0.0,0.0,3.4692384761904735,0.3411839999999998,0.013508571428571427,0.0,0.17539638095238094,55.21388285714267,0,0,2.0015,0,8.0056,0,1383.4260000000006,1070.0451,5543.2156000000095,38.018299999999996,2828.9488,89.21379999999999,3601.4070000000006,14422.01129999995,11.0026,0,0,0,0,0,14422.01129999995,243.4798999999999,1.0001,0,3.0,0,0,0,4.092,0,0,0,0,0,0,0,0,179.12159999999992,7.092,0,92.0831,0.07344628573827365,0.38559300012593667,0.0,0.0,0.0038123809523809525,0.0,0.0,0.015248761904761904,0.0,0.07433390476190477,0.1890659047619048,2.5812571428571447,2.030562095238096,2.680224000000001,0.07241580952380952,0.7826297142857137,0.1261215238095238,2.194853523809521,8.039320571428572,0.02095733333333333,0.0,0.0,0.0,0.0,0.0,8.039320571428572,0.4637712380952379,0.0019049523809523809,0.0,0.005714285714285714,0.0,0.0,0.0,0.007794285714285714,0.0,0.0,0.0,0.0,0.0,0.0,0.0,0.0,0.0,0.0,0.3411839999999998,0.013508571428571427,0.0,0.17539638095238094,18.528341714285606,0,0,2.0015,0,8.0056,0,1355.160000000001,1066.0451000000003,1407.1176000000005,38.018299999999996,410.8805999999997,66.21379999999999,1152.2980999999984,4220.643300000001,11.0026,0,0,0,0,0,4220.643300000001,243.4798999999999,1.0001,0,3.0,0,0,0,4.092,0,0,0,0,0,0,0,0,179.12159999999992,7.092,0,92.0831,18.534165333334357,97.30436800000538,0.0,0.4414299047636762,2.3175070000093
Baseline R3,08,DLAA,1.767633666666666,0.791704,0.5723969999999998,0.14339133333333332,0.632055333333333,0.8224651666666668,0.0016665,3.448288500000004,,0.17500849999999998,0.49610000298707746,True,5.064,60.0,600,10.004,45.4134,0.0,0.0,0.005,0.021666333333333333,0.0,0.0,0.008335833333333334,0.4687238333333333,0.0,1.5463538333333333,1.3403216666666675,15.300757666666668,0.06002300000000001,4.014972999999997,0.13376000000000002,5.878296500000001,12.776604333333317,0.028340666666666667,0.0,0.0,0.0,0.0,0.0,12.776604333333317,0.16375866666666666,0.0,0.0,0.053373500000000004,0.0,0.0,0.0,0.0,0.0,0.0,0.0,0.0,0.0,0.0,0.0,0.0,0.05839066666666666,0.0,0.0,0.053373500000000004,0.0,0.14339133333333332,41.07943066666643,0,0,3.0,0,0,5.0015,927.8123,804.1930000000006,9180.454600000001,36.0138,2408.983799999998,80.25600000000001,3526.977900000001,7665.962599999991,17.0044,0,0,0,0,0,7665.962599999991,98.2552,0,0,32.024100000000004,0,0,0,0,0,0,0,0,0,0,0,0,0,32.024100000000004,0,86.03479999999999,0.0860365000023459,0.5162190000140754,0.0,0.0,0.005,0.008333,0.0,0.0,0.008335833333333334,0.0,0.0,1.5246131666666671,1.3303216666666675,1.4833463333333332,0.06002300000000001,0.6131441666666667,0.11862283333333336,1.6228521666666678,6.492031000000016,0.028340666666666667,0.0,0.0,0.0,0.0,0.0,6.492031000000016,0.16375866666666666,0.0,0.0,0.053373500000000004,0.0,0.0,0.0,0.0,0.0,0.0,0.0,0.0,0.0,0.0,0.0,0.0,0.023309166666666662,0.0,0.0,0.053373500000000004,0.0,0.14339133333333332,13.273294999999989,0,0,3.0,0,0,5.0015,914.7679000000003,798.1930000000006,890.0077999999999,36.0138,367.8865,71.17370000000001,973.7113000000006,3895.2186000000097,17.0044,0,0,0,0,0,3895.2186000000097,98.2552,0,0,32.024100000000004,0,0,0,0,0,0,0,0,0,0,0,0,0,32.024100000000004,0,86.03479999999999,13.28531833333572,79.71191000001433,0.0,3.2961386666669106,19.776832000001463
Baseline R3,09,DLAA,1.1027121983914214,0.6037369973190353,0.47439865951742594,0.1796521447721179,0.30831823056300256,0.5255580428954423,0.005364879356568365,3.4553634048257407,,0.20639946380697058,1.495999992977886,True,5.577,74.6,746,9.043,38.2691,0.0,0.0,0.005359383378016086,0.005361930294906166,0.0,0.0,0.008042627345844504,0.9380843163538874,0.0,1.1777439678284194,1.2039214477211806,7.716552815013402,0.08177560321715817,4.627364075067022,0.15224571045576402,5.86568713136729,8.805900000000003,0.030938873994638065,0.0,0.0,0.0,0.0,0.0,8.805900000000003,1.5091222520107233,0.0,0.0,0.05393900804289545,0.0,0.0,0.0,0.005362332439678283,0.0,0.0,0.0,0.0,0.0,0.0,0.0,0.0,0.0,0.01214651474530831,0.0,0.05930134048257373,0.0,0.1796521447721179,29.66212962466485,0,0,3.9981,0,0,5.9998000000000005,878.5970000000009,898.1254000000007,5756.548399999998,61.00459999999999,3452.0135999999984,113.57529999999996,4375.802599999998,6569.201400000003,23.080399999999997,0,0,0,0,0,6569.201400000003,1125.8051999999996,0,0,40.2385,0,0,0,4.000299999999999,0,0,0,0,0,0,0,0,0,44.238800000000005,0,134.02049999999997,0.0809341822957167,0.6037689999260465,0.0,0.0,0.005359383378016086,0.0,0.0,0.0,0.008042627345844504,0.0,0.0,1.1682324396782855,1.1905166219839152,1.6130564343163543,0.08177560321715817,1.5559907506702397,0.14688378016085787,1.3765229222520117,3.6102108579088523,0.030938873994638065,0.0,0.0,0.0,0.0,0.0,3.6102108579088523,1.5091222520107233,0.0,0.0,0.05393900804289545,0.0,0.0,0.0,0.005362332439678283,0.0,0.0,0.0,0.0,0.0,0.0,0.0,0.0,0.0,0.0,0.0,0.05930134048257373,0.0,0.1796521447721179,10.77412828418229,0,0,3.9981,0,0,5.9998000000000005,871.5014000000009,888.1254000000007,1203.3401000000003,61.00459999999999,1160.7690999999988,109.57529999999997,1026.8861000000006,2693.217300000004,23.080399999999997,0,0,0,0,0,2693.217300000004,1125.8051999999996,0,0,40.2385,0,0,0,4.000299999999999,0,0,0,0,0,0,0,0,0,44.238800000000005,0,134.02049999999997,10.817937801608627,80.70181600000036,0.0,2.507959115281954,18.709375000003376
Baseline R3,10,DLAA,1.3284613976705495,0.6597367720465889,0.4843627287853578,0.14478585690515808,0.31796672212978383,0.4942981697171382,0.006644259567387687,3.5183881863560758,,0.13478136439267888,0.08840002033684868,True,3.137,60.1,601,9.732,35.1081,0.0,0.0,0.0033277870216306157,0.0,0.0,0.0,0.0033277870216306157,0.6594745424292845,0.0,1.272301830282862,1.1453577371048242,19.8312803660565,0.04493527454242928,3.5543472545757053,0.09862579034941764,6.111821963394336,8.636286688851909,0.014978868552412646,0.0,0.0,0.0,0.0,0.0,8.636286688851909,0.13079650582362728,0.0016638935108153079,0.0,0.056635440931780356,0.0,0.0,0.0,0.0016638935108153079,0.0,0.0,0.0,0.0,0.0,0.0,0.0,0.0,0.0,0.0,0.0,0.05829933444259566,0.0,0.14478585690515808,40.70993577371057,0,0,2.0,0,0,2.0,764.6534,688.3599999999993,11918.599499999957,27.006099999999996,2136.162699999999,59.2741,3673.204999999996,5190.408299999997,9.0023,0,0,0,0,0,5190.408299999997,78.6087,1.0,0,34.03789999999999,0,0,0,1.0,0,0,0,0,0,0,0,0,0,35.03789999999999,0,87.0163,0.10779733780038922,0.6478620001803392,0.0,0.0,0.0033277870216306157,0.0,0.0,0.0,0.0033277870216306157,0.0,0.0,1.2539990016638936,1.1369569051580686,1.3570219633943432,0.04493527454242928,0.5767931780366055,0.08697853577371048,1.3062424292845263,4.42069950083195,0.01165108153078203,0.0,0.0,0.0,0.0,0.0,4.42069950083195,0.13079650582362728,0.0016638935108153079,0.0,0.056635440931780356,0.0,0.0,0.0,0.0016638935108153079,0.0,0.0,0.0,0.0,0.0,0.0,0.0,0.0,0.0,0.0,0.0,0.05829933444259566,0.0,0.14478585690515808,10.195277870216312,0,0,2.0,0,0,2.0,753.6534,683.3110999999992,815.5702000000002,27.006099999999996,346.65269999999987,52.2741,785.0517000000003,2656.840400000002,7.0023,0,0,0,0,0,2656.840400000002,78.6087,1.0,0,34.03789999999999,0,0,0,1.0,0,0,0,0,0,0,0,0,0,35.03789999999999,0,87.0163,10.198418801995363,61.292496999992125,0.0,6.332866056577522,38.06052500003091
Baseline R3,11,DLSS,0.914186540731995,0.608450885478158,0.4518744982290436,0.16066989374262106,0.6495997638724917,0.7383452184179458,0.0047173553719008264,2.258268476977567,0.7791367178276272,0.17015159386068482,3.6411999995907536,True,8.91,84.7,847,8.538,71.2068,0.0,0.0,0.0011804014167650532,0.11631157024793388,0.0,0.009445572609208974,0.0,0.26618276269185354,0.010614639905548997,1.5693456906729628,1.084746635183,23.679909563164074,0.06497910271546632,3.362312396694215,0.13589657615112166,9.03722432113341,15.753484179456903,0.021352066115702478,0.0,0.0,0.0,0.0,0.0,15.753484179456903,0.4688886658795751,0.0,0.0,0.003640377804014168,0.0,0.0,0.0,0.0023596221959858326,0.0,0.0,0.0,0.0,0.0,0.0,0.0,0.0,0.0,0.3832887839433294,0.3224704840613932,0.006,0.0,0.16066989374262106,54.70925053128676,0,0,0.9998,0,8.0004,0,1329.2357999999995,918.780400000001,20056.88339999997,55.03729999999998,2847.8786,115.10440000000004,7654.528999999998,13343.201099999997,18.0852,0,0,0,0,0,13343.201099999997,397.14870000000013,0,0,3.0834,0,0,0,1.9986000000000002,0,0,0,0,0,0,0,0,273.13250000000005,5.082,0,136.08740000000003,0.15998370719830907,1.3550619999696778,0.0,0.0,0.0011804014167650532,0.0,0.0,0.009445572609208974,0.0,0.0059021251475796935,0.010614639905548997,1.5467898465171186,1.0776628099173566,2.0108264462809893,0.06497910271546632,0.4950036599763871,0.1299933884297521,1.684312632821724,4.102291971664694,0.020171428571428573,0.0,0.0,0.0,0.0,0.0,4.102291971664694,0.4688886658795751,0.0,0.0,0.003640377804014168,0.0,0.0,0.0,0.0023596221959858326,0.0,0.0,0.0,0.0,0.0,0.0,0.0,0.0,0.0,0.0,0.3224704840613932,0.006,0.0,0.16066989374262106,11.132031286894955,0,0,0.9998,0,8.0004,0,1310.1309999999994,912.7804000000011,1703.169999999998,55.03729999999998,419.2680999999999,110.10440000000004,1426.6128,3474.6412999999957,17.0852,0,0,0,0,0,3474.6412999999957,397.14870000000013,0,0,3.0834,0,0,0,1.9986000000000002,0,0,0,0,0,0,0,0,273.13250000000005,5.082,0,136.08740000000003,11.092040023614421,93.94957900001414,0.0,0.5586506493520765,4.731771000012088
Baseline R3,12,DLSS,0.8190383720930233,0.6535618604651161,0.4124622093023261,0.1593844186046512,0.558817674418605,0.8307737209302317,0.0034888372093023257,2.1746883720930255,0.782395,0.1714209302325581,1.084600022451923,True,8.443,86.0,860,8.918,43.08000000000001,0.0,0.0,0.0035955813953488375,0.42634267441860463,0.0,0.008141511627906977,0.0,0.24466604651162788,0.06412395348837209,1.3833523255813927,1.1082604651162784,8.376404534883731,0.0570043023255814,3.492254767441862,0.10993093023255815,8.275659418604649,18.120767325581387,0.013959186046511626,0.0,0.0,0.0,0.0,0.0,18.120767325581387,0.49699395348837255,0.0,0.0,0.0314663953488372,0.0,0.0,0.0,0.0034876744186046514,0.0,0.0,0.0,0.0,0.0,0.0,0.0,0.0,0.0,1.7800943023255826,0.30248337209302345,0.03495406976744186,0.0,0.1593844186046512,40.937593255813916,0,0,3.0922,0,7.0017,0,1189.6829999999977,953.1039999999995,7203.707900000009,49.023700000000005,3003.3391000000015,94.54060000000001,7117.0670999999975,15583.859899999992,12.0049,0,0,0,0,0,15583.859899999992,427.4148000000004,0,0,27.061099999999996,0,0,0,2.9994,0,0,0,0,0,0,0,0,260.13570000000016,30.060499999999998,0,137.0706,0.05342290699836878,0.45943700018597156,0.0,0.0,0.0035955813953488375,0.0,0.0,0.008141511627906977,0.0,0.07696767441860465,0.06412395348837209,1.3670690697674397,1.098958139534883,1.9818703488372105,0.0570043023255814,0.49412162790697683,0.09943744186046513,1.6053608139534878,4.497982325581396,0.013959186046511626,0.0,0.0,0.0,0.0,0.0,4.497982325581396,0.49699395348837255,0.0,0.0,0.0314663953488372,0.0,0.0,0.0,0.0034876744186046514,0.0,0.0,0.0,0.0,0.0,0.0,0.0,0.0,0.0,0.0,0.30248337209302345,0.03495406976744186,0.0,0.1593844186046512,11.215763255813972,0,0,3.0922,0,7.0017,0,1175.6793999999982,945.1039999999995,1704.408500000001,49.023700000000005,424.9446000000001,85.51620000000001,1380.6102999999996,3868.2648000000004,12.0049,0,0,0,0,0,3868.2648000000004,427.4148000000004,0,0,27.061099999999996,0,0,0,2.9994,0,0,0,0,0,0,0,0,260.13570000000016,30.060499999999998,0,137.0706,11.172801860465325,96.0860960000018,0.0,0.40294337209729747,3.4653130000367582
Baseline R3,13,DLSS,1.9170099130434808,1.1865798260869567,0.7938139130434785,0.1409608695652174,1.3535375652173915,2.2091800000000004,0.0034773913043478263,2.0113993043478247,1.3561526956521746,0.14592434782608696,0.8702000123048492,True,17.745,57.5,575,12.396,22.0255,0.0,0.0,0.003479826086956521,0.8215186086956521,0.0,0.010439999999999998,0.0,0.25263095652173906,0.24079895652173922,2.4030252173913036,1.8570241739130442,11.564740869565199,0.040028173913043474,5.189522434782609,0.18425460869565213,6.227831304347824,24.997840347826198,0.03492504347826087,0.0,0.0,0.0,0.0,0.0,24.997840347826198,0.4540660869565218,0.0,0.0,0.0,0.0,0.0,0.0,0.0034782608695652175,0.0,0.0,0.0,0.0,0.0,0.0,0.0,0.0,0.0,3.459506260869564,0.30106104347826074,0.0034782608695652175,0.0,0.1409608695652174,52.499192173912924,0,0,2.0008999999999997,0,6.002999999999999,0,1381.7394999999997,1067.7889000000005,6649.72599999999,23.016199999999998,2983.9754000000003,105.94639999999998,3581.002999999999,14373.758200000064,20.0819,0,0,0,0,0,14373.758200000064,261.088,0,0,0,0,0,0,2.0,0,0,0,0,0,0,0,0,173.11009999999993,2.0,0,81.0525,0.05754278262963414,0.3308710001203963,0.0,0.0,0.003479826086956521,0.0,0.0,0.010439999999999998,0.0,0.08528869565217394,0.24079895652173922,2.3577445217391295,1.8483260869565228,2.513850260869567,0.040028173913043474,0.7733293913043471,0.16164591304347828,1.8304558260869572,7.3529304347825954,0.029707652173913045,0.0,0.0,0.0,0.0,0.0,7.3529304347825954,0.4540660869565218,0.0,0.0,0.0,0.0,0.0,0.0,0.0034782608695652175,0.0,0.0,0.0,0.0,0.0,0.0,0.0,0.0,0.0,0.0,0.30106104347826074,0.0034782608695652175,0.0,0.1409608695652174,16.90801826086955,0,0,2.0008999999999997,0,6.002999999999999,0,1355.7030999999995,1062.7875000000006,1445.463900000001,23.016199999999998,444.6643999999996,92.94640000000001,1052.5121000000004,4227.934999999992,17.0819,0,0,0,0,0,4227.934999999992,261.088,0,0,0,0,0,0,2.0,0,0,0,0,0,0,0,0,173.11009999999993,2.0,0,81.0525,16.91980904347458,97.28890199997882,0.0,0.41546591304762365,2.388929000023836
