run,save,mode,metric,value,deltaVsMainVrBalancedMedian,deltaVsOriginal
Current R1,08,DLAA,cpuTailMeanMs,8.071,2.314,3.407
Current R2,08,DLAA,cpuTailMeanMs,7.919,2.162,3.255
Current interrupted,08,DLAA,cpuTailMeanMs,10.572,4.8149999999999995,5.9079999999999995
Current R3,08,DLAA,cpuTailMeanMs,8.724,2.9670000000000005,4.0600000000000005
Current R1,08,DLAA,gpuTailMeanMs,9.289,-0.5250000000000004,-1.1210000000000004
Current R2,08,DLAA,gpuTailMeanMs,9.351,-0.4629999999999992,-1.0589999999999993
Current interrupted,08,DLAA,gpuTailMeanMs,9.359,-0.45500000000000007,-1.0510000000000002
Current R3,08,DLAA,gpuTailMeanMs,9.197,-0.6170000000000009,-1.213000000000001
Current R1,08,DLAA,cpuTailP95Ms,14.07,7.970000000000001,8.870000000000001
Current R2,08,DLAA,cpuTailP95Ms,12.5,6.4,7.3
Current interrupted,08,DLAA,cpuTailP95Ms,20.775,14.674999999999999,15.575
Current R3,08,DLAA,cpuTailP95Ms,12.5,6.4,7.3
Current R1,08,DLAA,cpuTailP99Ms,20.057,11.639999999999999,10.844999999999999
Current R2,08,DLAA,cpuTailP99Ms,13.093,4.676,3.8810000000000002
Current interrupted,08,DLAA,cpuTailP99Ms,22.295,13.878000000000002,13.083000000000002
Current R3,08,DLAA,cpuTailP99Ms,13.084,4.667,3.872
Current R1,08,DLAA,gpuTailP95Ms,10.0,0.09999999999999964,-0.5999999999999996
Current R2,08,DLAA,gpuTailP95Ms,9.9,0.0,-0.6999999999999993
Current interrupted,08,DLAA,gpuTailP95Ms,10.1,0.1999999999999993,-0.5
Current R3,08,DLAA,gpuTailP95Ms,9.6,-0.3000000000000007,-1.0
Current R1,08,DLAA,gpuTailP99Ms,10.457,0.45700000000000074,-0.4429999999999996
Current R2,08,DLAA,gpuTailP99Ms,10.0,0.0,-0.9000000000000004
Current interrupted,08,DLAA,gpuTailP99Ms,10.4,0.40000000000000036,-0.5
Current R3,08,DLAA,gpuTailP99Ms,9.8,-0.1999999999999993,-1.0999999999999996
Current R1,08,DLAA,cpuSingleSpikeFrequency.frequencyPerSecond,4.3,4.3,4.1
Current R2,08,DLAA,cpuSingleSpikeFrequency.frequencyPerSecond,18.2,18.2,18.0
Current interrupted,08,DLAA,cpuSingleSpikeFrequency.frequencyPerSecond,3.4,3.4,3.1999999999999997
Current R3,08,DLAA,cpuSingleSpikeFrequency.frequencyPerSecond,17.6,17.6,17.400000000000002
Current R1,08,DLAA,gpuSingleSpikeFrequency.frequencyPerSecond,0.0,0.0,-0.1
Current R2,08,DLAA,gpuSingleSpikeFrequency.frequencyPerSecond,0.0,0.0,-0.1
Current interrupted,08,DLAA,gpuSingleSpikeFrequency.frequencyPerSecond,0.0,0.0,-0.1
Current R3,08,DLAA,gpuSingleSpikeFrequency.frequencyPerSecond,0.0,0.0,-0.1
Current R1,08,DLAA,cpuSpikeGroups.frequencyPerSecond,10.2,10.1,9.7
Current R2,08,DLAA,cpuSpikeGroups.frequencyPerSecond,21.4,21.299999999999997,20.9
Current interrupted,08,DLAA,cpuSpikeGroups.frequencyPerSecond,5.8,5.7,5.3
Current R3,08,DLAA,cpuSpikeGroups.frequencyPerSecond,18.6,18.5,18.1
Current R1,08,DLAA,gpuSpikeGroups.frequencyPerSecond,0.0,0.0,-0.1
Current R2,08,DLAA,gpuSpikeGroups.frequencyPerSecond,0.0,0.0,-0.1
Current interrupted,08,DLAA,gpuSpikeGroups.frequencyPerSecond,0.0,0.0,-0.1
Current R3,08,DLAA,gpuSpikeGroups.frequencyPerSecond,0.0,0.0,-0.1
Current R1,08,DLAA,cpuSpikeGroups.dutyPercent,34.47,33.3,32.3
Current R2,08,DLAA,cpuSpikeGroups.dutyPercent,35.03,33.86,32.86
Current interrupted,08,DLAA,cpuSpikeGroups.dutyPercent,33.66,32.489999999999995,31.489999999999995
Current R3,08,DLAA,cpuSpikeGroups.dutyPercent,27.89,26.72,25.72
Current R1,08,DLAA,gpuSpikeGroups.dutyPercent,0.0,0.0,-0.17
Current R2,08,DLAA,gpuSpikeGroups.dutyPercent,0.0,0.0,-0.17
Current interrupted,08,DLAA,gpuSpikeGroups.dutyPercent,0.0,0.0,-0.17
Current R3,08,DLAA,gpuSpikeGroups.dutyPercent,0.0,0.0,-0.17
Current R1,08,DLAA,cpuSpikeGroups.maxGroupSamples,19.0,12.0,15.0
Current R2,08,DLAA,cpuSpikeGroups.maxGroupSamples,5.0,-2.0,1.0
Current interrupted,08,DLAA,cpuSpikeGroups.maxGroupSamples,19.0,12.0,15.0
Current R3,08,DLAA,cpuSpikeGroups.maxGroupSamples,5.0,-2.0,1.0
Current R1,08,DLAA,gpuSpikeGroups.maxGroupSamples,0,0,-1.0
Current R2,08,DLAA,gpuSpikeGroups.maxGroupSamples,0,0,-1.0
Current interrupted,08,DLAA,gpuSpikeGroups.maxGroupSamples,0,0,-1.0
Current R3,08,DLAA,gpuSpikeGroups.maxGroupSamples,0,0,-1.0
Current R1,09,DLAA,cpuTailMeanMs,6.192,0.19200000000000017,2.5900000000000003
Current R2,09,DLAA,cpuTailMeanMs,6.297,0.2969999999999997,2.695
Current interrupted,09,DLAA,cpuTailMeanMs,6.583,0.5830000000000002,2.9810000000000003
Current R3,09,DLAA,cpuTailMeanMs,6.494,0.4939999999999998,2.892
Current R1,09,DLAA,gpuTailMeanMs,7.683,-0.28200000000000003,-1.854000000000001
Current R2,09,DLAA,gpuTailMeanMs,7.743,-0.22199999999999953,-1.7940000000000005
Current interrupted,09,DLAA,gpuTailMeanMs,7.717,-0.24800000000000022,-1.8200000000000012
Current R3,09,DLAA,gpuTailMeanMs,7.809,-0.1559999999999997,-1.7280000000000006
Current R1,09,DLAA,cpuTailP95Ms,9.9,0.20000000000000107,2.5
Current R2,09,DLAA,cpuTailP95Ms,10.1,0.40000000000000036,2.6999999999999993
Current interrupted,09,DLAA,cpuTailP95Ms,10.2,0.5,2.799999999999999
Current R3,09,DLAA,cpuTailP95Ms,10.3,0.6000000000000014,2.9000000000000004
Current R1,09,DLAA,cpuTailP99Ms,10.2,-0.05200000000000138,1.8999999999999986
Current R2,09,DLAA,cpuTailP99Ms,10.4,0.1479999999999997,2.0999999999999996
Current interrupted,09,DLAA,cpuTailP99Ms,10.8,0.548,2.5
Current R3,09,DLAA,cpuTailP99Ms,10.7,0.4479999999999986,2.3999999999999986
Current R1,09,DLAA,gpuTailP95Ms,7.8,-0.2999999999999998,-2.2
Current R2,09,DLAA,gpuTailP95Ms,7.9,-0.1999999999999993,-2.0999999999999996
Current interrupted,09,DLAA,gpuTailP95Ms,7.9,-0.1999999999999993,-2.0999999999999996
Current R3,09,DLAA,gpuTailP95Ms,8.0,-0.09999999999999964,-2.0
Current R1,09,DLAA,gpuTailP99Ms,7.9,-0.29999999999999893,-2.299999999999999
Current R2,09,DLAA,gpuTailP99Ms,7.9,-0.29999999999999893,-2.299999999999999
Current interrupted,09,DLAA,gpuTailP99Ms,8.2,0.0,-2.0
Current R3,09,DLAA,gpuTailP99Ms,8.1,-0.09999999999999964,-2.0999999999999996
Current R1,09,DLAA,cpuSingleSpikeFrequency.frequencyPerSecond,0.4,-0.29999999999999993,-5.3
Current R2,09,DLAA,cpuSingleSpikeFrequency.frequencyPerSecond,0.4,-0.29999999999999993,-5.3
Current interrupted,09,DLAA,cpuSingleSpikeFrequency.frequencyPerSecond,1.1,0.40000000000000013,-4.6
Current R3,09,DLAA,cpuSingleSpikeFrequency.frequencyPerSecond,0.2,-0.49999999999999994,-5.5
Current R1,09,DLAA,gpuSingleSpikeFrequency.frequencyPerSecond,0.0,0.0,-0.1
Current R2,09,DLAA,gpuSingleSpikeFrequency.frequencyPerSecond,0.0,0.0,-0.1
Current interrupted,09,DLAA,gpuSingleSpikeFrequency.frequencyPerSecond,0.0,0.0,-0.1
Current R3,09,DLAA,gpuSingleSpikeFrequency.frequencyPerSecond,0.0,0.0,-0.1
Current R1,09,DLAA,cpuSpikeGroups.frequencyPerSecond,8.6,-3.0999999999999996,-2.0
Current R2,09,DLAA,cpuSpikeGroups.frequencyPerSecond,9.2,-2.5,-1.4000000000000004
Current interrupted,09,DLAA,cpuSpikeGroups.frequencyPerSecond,9.8,-1.8999999999999986,-0.7999999999999989
Current R3,09,DLAA,cpuSpikeGroups.frequencyPerSecond,10.0,-1.6999999999999993,-0.5999999999999996
Current R1,09,DLAA,gpuSpikeGroups.frequencyPerSecond,0.0,0.0,-0.1
Current R2,09,DLAA,gpuSpikeGroups.frequencyPerSecond,0.0,0.0,-0.1
Current interrupted,09,DLAA,gpuSpikeGroups.frequencyPerSecond,0.0,0.0,-0.1
Current R3,09,DLAA,gpuSpikeGroups.frequencyPerSecond,0.0,0.0,-0.1
Current R1,09,DLAA,cpuSpikeGroups.dutyPercent,24.44,0.75,-5.18
Current R2,09,DLAA,cpuSpikeGroups.dutyPercent,25.2,1.509999999999998,-4.420000000000002
Current interrupted,09,DLAA,cpuSpikeGroups.dutyPercent,25.63,1.9399999999999977,-3.990000000000002
Current R3,09,DLAA,cpuSpikeGroups.dutyPercent,25.18,1.4899999999999984,-4.440000000000001
Current R1,09,DLAA,gpuSpikeGroups.dutyPercent,0.0,0.0,-0.16
Current R2,09,DLAA,gpuSpikeGroups.dutyPercent,0.0,0.0,-0.16
Current interrupted,09,DLAA,gpuSpikeGroups.dutyPercent,0.0,0.0,-0.16
Current R3,09,DLAA,gpuSpikeGroups.dutyPercent,0.0,0.0,-0.16
Current R1,09,DLAA,cpuSpikeGroups.maxGroupSamples,5.0,1.0,-1.0
Current R2,09,DLAA,cpuSpikeGroups.maxGroupSamples,5.0,1.0,-1.0
Current interrupted,09,DLAA,cpuSpikeGroups.maxGroupSamples,7.0,3.0,1.0
Current R3,09,DLAA,cpuSpikeGroups.maxGroupSamples,4.0,0.0,-2.0
Current R1,09,DLAA,gpuSpikeGroups.maxGroupSamples,0,0,-1.0
Current R2,09,DLAA,gpuSpikeGroups.maxGroupSamples,0,0,-1.0
Current interrupted,09,DLAA,gpuSpikeGroups.maxGroupSamples,0,0,-1.0
Current R3,09,DLAA,gpuSpikeGroups.maxGroupSamples,0,0,-1.0
Current R1,10,DLAA,cpuTailMeanMs,7.168,0.7350000000000003,4.231
Current R2,10,DLAA,cpuTailMeanMs,7.307,0.8740000000000006,4.370000000000001
Current interrupted,10,DLAA,cpuTailMeanMs,7.249,0.8159999999999998,4.311999999999999
Current R3,10,DLAA,cpuTailMeanMs,7.533,1.1000000000000005,4.596
Current R1,10,DLAA,gpuTailMeanMs,8.784,0.2900000000000009,-1.251999999999999
Current R2,10,DLAA,gpuTailMeanMs,8.736,0.24200000000000088,-1.299999999999999
Current interrupted,10,DLAA,gpuTailMeanMs,8.69,0.19599999999999973,-1.346
Current R3,10,DLAA,gpuTailMeanMs,8.691,0.19700000000000095,-1.3449999999999989
Current R1,10,DLAA,cpuTailP95Ms,11.0,0.5999999999999996,7.8
Current R2,10,DLAA,cpuTailP95Ms,11.1,0.6999999999999993,7.8999999999999995
Current interrupted,10,DLAA,cpuTailP95Ms,11.1,0.6999999999999993,7.8999999999999995
Current R3,10,DLAA,cpuTailP95Ms,11.3,0.9000000000000004,8.100000000000001
Current R1,10,DLAA,cpuTailP99Ms,11.3,0.5,7.9
Current R2,10,DLAA,cpuTailP99Ms,11.6,0.7999999999999989,8.2
Current interrupted,10,DLAA,cpuTailP99Ms,11.6,0.7999999999999989,8.2
Current R3,10,DLAA,cpuTailP99Ms,11.8,1.0,8.4
Current R1,10,DLAA,gpuTailP95Ms,9.3,0.7000000000000011,-0.8999999999999986
Current R2,10,DLAA,gpuTailP95Ms,9.0,0.40000000000000036,-1.1999999999999993
Current interrupted,10,DLAA,gpuTailP95Ms,9.0,0.40000000000000036,-1.1999999999999993
Current R3,10,DLAA,gpuTailP95Ms,9.0,0.40000000000000036,-1.1999999999999993
Current R1,10,DLAA,gpuTailP99Ms,9.5,0.5999999999999996,-0.8000000000000007
Current R2,10,DLAA,gpuTailP99Ms,9.29,0.3899999999999988,-1.0100000000000016
Current interrupted,10,DLAA,gpuTailP99Ms,9.36,0.4599999999999991,-0.9400000000000013
Current R3,10,DLAA,gpuTailP99Ms,9.3,0.40000000000000036,-1.0
Current R1,10,DLAA,cpuSingleSpikeFrequency.frequencyPerSecond,24.6,9.700000000000001,24.6
Current R2,10,DLAA,cpuSingleSpikeFrequency.frequencyPerSecond,24.8,9.9,24.8
Current interrupted,10,DLAA,cpuSingleSpikeFrequency.frequencyPerSecond,22.0,7.1,22.0
Current R3,10,DLAA,cpuSingleSpikeFrequency.frequencyPerSecond,24.4,9.499999999999998,24.4
Current R1,10,DLAA,gpuSingleSpikeFrequency.frequencyPerSecond,0.0,0.0,-0.1
Current R2,10,DLAA,gpuSingleSpikeFrequency.frequencyPerSecond,0.0,0.0,-0.1
Current interrupted,10,DLAA,gpuSingleSpikeFrequency.frequencyPerSecond,0.0,0.0,-0.1
Current R3,10,DLAA,gpuSingleSpikeFrequency.frequencyPerSecond,0.0,0.0,-0.1
Current R1,10,DLAA,cpuSpikeGroups.frequencyPerSecond,24.9,3.5,24.9
Current R2,10,DLAA,cpuSpikeGroups.frequencyPerSecond,25.3,3.900000000000002,25.3
Current interrupted,10,DLAA,cpuSpikeGroups.frequencyPerSecond,24.2,2.8000000000000007,24.2
Current R3,10,DLAA,cpuSpikeGroups.frequencyPerSecond,24.9,3.5,24.9
Current R1,10,DLAA,gpuSpikeGroups.frequencyPerSecond,0.0,0.0,-0.1
Current R2,10,DLAA,gpuSpikeGroups.frequencyPerSecond,0.0,0.0,-0.1
Current interrupted,10,DLAA,gpuSpikeGroups.frequencyPerSecond,0.0,0.0,-0.1
Current R3,10,DLAA,gpuSpikeGroups.frequencyPerSecond,0.0,0.0,-0.1
Current R1,10,DLAA,cpuSpikeGroups.dutyPercent,27.81,-0.9700000000000024,27.81
Current R2,10,DLAA,cpuSpikeGroups.dutyPercent,28.21,-0.5700000000000003,28.21
Current interrupted,10,DLAA,cpuSpikeGroups.dutyPercent,28.06,-0.7200000000000024,28.06
Current R3,10,DLAA,cpuSpikeGroups.dutyPercent,27.68,-1.1000000000000014,27.68
Current R1,10,DLAA,gpuSpikeGroups.dutyPercent,0.0,0.0,-0.17
Current R2,10,DLAA,gpuSpikeGroups.dutyPercent,0.0,0.0,-0.17
Current interrupted,10,DLAA,gpuSpikeGroups.dutyPercent,0.0,0.0,-0.17
Current R3,10,DLAA,gpuSpikeGroups.dutyPercent,0.0,0.0,-0.17
Current R1,10,DLAA,cpuSpikeGroups.maxGroupSamples,2.0,0.0,2.0
Current R2,10,DLAA,cpuSpikeGroups.maxGroupSamples,2.0,0.0,2.0
Current interrupted,10,DLAA,cpuSpikeGroups.maxGroupSamples,2.0,0.0,2.0
Current R3,10,DLAA,cpuSpikeGroups.maxGroupSamples,2.0,0.0,2.0
Current R1,10,DLAA,gpuSpikeGroups.maxGroupSamples,0,0,-1.0
Current R2,10,DLAA,gpuSpikeGroups.maxGroupSamples,0,0,-1.0
Current interrupted,10,DLAA,gpuSpikeGroups.maxGroupSamples,0,0,-1.0
Current R3,10,DLAA,gpuSpikeGroups.maxGroupSamples,0,0,-1.0
Current R1,11,DLSS,cpuTailMeanMs,8.504,-0.2740000000000009,0.7199999999999998
Current R2,11,DLSS,cpuTailMeanMs,8.641,-0.13700000000000045,0.8570000000000002
Current interrupted,11,DLSS,cpuTailMeanMs,9.198,0.41999999999999993,1.4140000000000006
Current R3,11,DLSS,cpuTailMeanMs,8.957,0.17900000000000027,1.173000000000001
Current R1,11,DLSS,gpuTailMeanMs,8.154,-0.04100000000000037,0.31899999999999995
Current R2,11,DLSS,gpuTailMeanMs,8.227,0.03200000000000003,0.39200000000000035
Current interrupted,11,DLSS,gpuTailMeanMs,8.037,-0.15799999999999947,0.20200000000000085
Current R3,11,DLSS,gpuTailMeanMs,8.288,0.09299999999999997,0.4530000000000003
Current R1,11,DLSS,cpuTailP95Ms,12.5,0.09999999999999964,1.0
Current R2,11,DLSS,cpuTailP95Ms,12.785,0.3849999999999998,1.2850000000000001
Current interrupted,11,DLSS,cpuTailP95Ms,14.8,2.4000000000000004,3.3000000000000007
Current R3,11,DLSS,cpuTailP95Ms,13.02,0.6199999999999992,1.5199999999999996
Current R1,11,DLSS,cpuTailP99Ms,16.2,0.46799999999999997,1.0
Current R2,11,DLSS,cpuTailP99Ms,16.714,0.9819999999999993,1.5139999999999993
Current interrupted,11,DLSS,cpuTailP99Ms,20.302,4.57,5.102
Current R3,11,DLSS,cpuTailP99Ms,17.104,1.3719999999999999,1.904
Current R1,11,DLSS,gpuTailP95Ms,8.5,-0.1999999999999993,0.0
Current R2,11,DLSS,gpuTailP95Ms,8.8,0.10000000000000142,0.3000000000000007
Current interrupted,11,DLSS,gpuTailP95Ms,9.77,1.0700000000000003,1.2699999999999996
Current R3,11,DLSS,gpuTailP95Ms,8.92,0.22000000000000064,0.41999999999999993
Current R1,11,DLSS,gpuTailP99Ms,12.12,1.2879999999999985,2.2139999999999986
Current R2,11,DLSS,gpuTailP99Ms,12.914,2.081999999999999,3.007999999999999
Current interrupted,11,DLSS,gpuTailP99Ms,15.334,4.501999999999999,5.427999999999999
Current R3,11,DLSS,gpuTailP99Ms,13.308,2.475999999999999,3.4019999999999992
Current R1,11,DLSS,cpuSingleSpikeFrequency.frequencyPerSecond,3.6,-1.6,-2.3000000000000003
Current R2,11,DLSS,cpuSingleSpikeFrequency.frequencyPerSecond,5.4,0.20000000000000018,-0.5
Current interrupted,11,DLSS,cpuSingleSpikeFrequency.frequencyPerSecond,13.6,8.399999999999999,7.699999999999999
Current R3,11,DLSS,cpuSingleSpikeFrequency.frequencyPerSecond,9.3,4.1000000000000005,3.4000000000000004
Current R1,11,DLSS,gpuSingleSpikeFrequency.frequencyPerSecond,3.4,2.0999999999999996,2.2
Current R2,11,DLSS,gpuSingleSpikeFrequency.frequencyPerSecond,3.9,2.5999999999999996,2.7
Current interrupted,11,DLSS,gpuSingleSpikeFrequency.frequencyPerSecond,3.2,1.9000000000000001,2.0
Current R3,11,DLSS,gpuSingleSpikeFrequency.frequencyPerSecond,3.9,2.5999999999999996,2.7
Current R1,11,DLSS,cpuSpikeGroups.frequencyPerSecond,11.3,-0.8999999999999986,-2.5
Current R2,11,DLSS,cpuSpikeGroups.frequencyPerSecond,12.6,0.40000000000000036,-1.200000000000001
Current interrupted,11,DLSS,cpuSpikeGroups.frequencyPerSecond,16.9,4.699999999999999,3.099999999999998
Current R3,11,DLSS,cpuSpikeGroups.frequencyPerSecond,17.5,5.300000000000001,3.6999999999999993
Current R1,11,DLSS,gpuSpikeGroups.frequencyPerSecond,3.4,2.0999999999999996,2.2
Current R2,11,DLSS,gpuSpikeGroups.frequencyPerSecond,3.9,2.5999999999999996,2.7
Current interrupted,11,DLSS,gpuSpikeGroups.frequencyPerSecond,3.2,1.9000000000000001,2.0
Current R3,11,DLSS,gpuSpikeGroups.frequencyPerSecond,3.9,2.5999999999999996,2.7
Current R1,11,DLSS,cpuSpikeGroups.dutyPercent,28.12,3.5,2.830000000000002
Current R2,11,DLSS,cpuSpikeGroups.dutyPercent,26.92,2.3000000000000007,1.6300000000000026
Current interrupted,11,DLSS,cpuSpikeGroups.dutyPercent,30.12,5.5,4.830000000000002
Current R3,11,DLSS,cpuSpikeGroups.dutyPercent,27.68,3.0599999999999987,2.3900000000000006
Current R1,11,DLSS,gpuSpikeGroups.dutyPercent,3.15,1.93,2.0
Current R2,11,DLSS,gpuSpikeGroups.dutyPercent,3.74,2.5200000000000005,2.5900000000000003
Current interrupted,11,DLSS,gpuSpikeGroups.dutyPercent,4.17,2.95,3.02
Current R3,11,DLSS,gpuSpikeGroups.dutyPercent,3.91,2.6900000000000004,2.7600000000000002
Current R1,11,DLSS,cpuSpikeGroups.maxGroupSamples,8.0,-1.0,0.0
Current R2,11,DLSS,cpuSpikeGroups.maxGroupSamples,11.0,2.0,3.0
Current interrupted,11,DLSS,cpuSpikeGroups.maxGroupSamples,9.0,0.0,1.0
Current R3,11,DLSS,cpuSpikeGroups.maxGroupSamples,5.0,-4.0,-3.0
Current R1,11,DLSS,gpuSpikeGroups.maxGroupSamples,1.0,0.0,0.0
Current R2,11,DLSS,gpuSpikeGroups.maxGroupSamples,1.0,0.0,0.0
Current interrupted,11,DLSS,gpuSpikeGroups.maxGroupSamples,1.0,0.0,0.0
Current R3,11,DLSS,gpuSpikeGroups.maxGroupSamples,1.0,0.0,0.0
Current R1,12,DLSS,cpuTailMeanMs,8.352,-0.4740000000000002,1.4980000000000002
Current R2,12,DLSS,cpuTailMeanMs,8.587,-0.23900000000000077,1.7329999999999997
Current interrupted,12,DLSS,cpuTailMeanMs,9.076,0.25,2.2220000000000004
Current R3,12,DLSS,cpuTailMeanMs,9.066,0.2400000000000002,2.2120000000000006
Current R1,12,DLSS,gpuTailMeanMs,8.652,-0.21600000000000108,1.0759999999999996
Current R2,12,DLSS,gpuTailMeanMs,8.724,-0.14400000000000013,1.1480000000000006
Current interrupted,12,DLSS,gpuTailMeanMs,8.819,-0.04899999999999949,1.2430000000000012
Current R3,12,DLSS,gpuTailMeanMs,8.927,0.058999999999999275,1.351
Current R1,12,DLSS,cpuTailP95Ms,12.24,-0.6600000000000001,1.6400000000000006
Current R2,12,DLSS,cpuTailP95Ms,12.74,-0.16000000000000014,2.1400000000000006
Current interrupted,12,DLSS,cpuTailP95Ms,13.4,0.5,2.8000000000000007
Current R3,12,DLSS,cpuTailP95Ms,13.2,0.29999999999999893,2.5999999999999996
Current R1,12,DLSS,cpuTailP99Ms,15.276,0.2759999999999998,1.9610000000000003
Current R2,12,DLSS,cpuTailP99Ms,14.908,-0.09200000000000053,1.593
Current interrupted,12,DLSS,cpuTailP99Ms,15.825,0.8249999999999993,2.51
Current R3,12,DLSS,cpuTailP99Ms,15.42,0.41999999999999993,2.1050000000000004
Current R1,12,DLSS,gpuTailP95Ms,9.0,-0.09999999999999964,1.0
Current R2,12,DLSS,gpuTailP95Ms,9.1,0.0,1.0999999999999996
Current interrupted,12,DLSS,gpuTailP95Ms,10.1,1.0,2.0999999999999996
Current R3,12,DLSS,gpuTailP95Ms,9.4,0.3000000000000007,1.4000000000000004
Current R1,12,DLSS,gpuTailP99Ms,9.9,-1.0,1.700000000000001
Current R2,12,DLSS,gpuTailP99Ms,11.2,0.29999999999999893,3.0
Current interrupted,12,DLSS,gpuTailP99Ms,12.425,1.5250000000000004,4.225000000000001
Current R3,12,DLSS,gpuTailP99Ms,10.72,-0.17999999999999972,2.5200000000000014
Current R1,12,DLSS,cpuSingleSpikeFrequency.frequencyPerSecond,7.4,-1.5,2.7
Current R2,12,DLSS,cpuSingleSpikeFrequency.frequencyPerSecond,8.3,-0.5999999999999996,3.6000000000000005
Current interrupted,12,DLSS,cpuSingleSpikeFrequency.frequencyPerSecond,15.5,6.6,10.8
Current R3,12,DLSS,cpuSingleSpikeFrequency.frequencyPerSecond,12.3,3.4000000000000004,7.6000000000000005
Current R1,12,DLSS,gpuSingleSpikeFrequency.frequencyPerSecond,0.9,-0.09999999999999998,0.8
Current R2,12,DLSS,gpuSingleSpikeFrequency.frequencyPerSecond,1.4,0.3999999999999999,1.2999999999999998
Current interrupted,12,DLSS,gpuSingleSpikeFrequency.frequencyPerSecond,4.0,3.0,3.9
Current R3,12,DLSS,gpuSingleSpikeFrequency.frequencyPerSecond,1.0,0.0,0.9
Current R1,12,DLSS,cpuSpikeGroups.frequencyPerSecond,15.0,-1.1999999999999993,0.5999999999999996
Current R2,12,DLSS,cpuSpikeGroups.frequencyPerSecond,15.4,-0.7999999999999989,1.0
Current interrupted,12,DLSS,cpuSpikeGroups.frequencyPerSecond,20.3,4.100000000000001,5.9
Current R3,12,DLSS,cpuSpikeGroups.frequencyPerSecond,18.6,2.400000000000002,4.200000000000001
Current R1,12,DLSS,gpuSpikeGroups.frequencyPerSecond,0.9,-0.09999999999999998,0.8
Current R2,12,DLSS,gpuSpikeGroups.frequencyPerSecond,1.4,0.3999999999999999,1.2999999999999998
Current interrupted,12,DLSS,gpuSpikeGroups.frequencyPerSecond,4.0,3.0,3.9
Current R3,12,DLSS,gpuSpikeGroups.frequencyPerSecond,1.0,0.0,0.9
Current R1,12,DLSS,cpuSpikeGroups.dutyPercent,26.16,0.14000000000000057,-1.1600000000000001
Current R2,12,DLSS,cpuSpikeGroups.dutyPercent,25.68,-0.33999999999999986,-1.6400000000000006
Current interrupted,12,DLSS,cpuSpikeGroups.dutyPercent,25.92,-0.09999999999999787,-1.3999999999999986
Current R3,12,DLSS,cpuSpikeGroups.dutyPercent,25.48,-0.5399999999999991,-1.8399999999999999
Current R1,12,DLSS,gpuSpikeGroups.dutyPercent,0.89,-0.21000000000000008,0.8
Current R2,12,DLSS,gpuSpikeGroups.dutyPercent,1.41,0.30999999999999983,1.3199999999999998
Current interrupted,12,DLSS,gpuSpikeGroups.dutyPercent,4.1,2.9999999999999996,4.01
Current R3,12,DLSS,gpuSpikeGroups.dutyPercent,1.02,-0.08000000000000007,0.93
Current R1,12,DLSS,cpuSpikeGroups.maxGroupSamples,5.0,0.0,-1.0
Current R2,12,DLSS,cpuSpikeGroups.maxGroupSamples,4.0,-1.0,-2.0
Current interrupted,12,DLSS,cpuSpikeGroups.maxGroupSamples,3.0,-2.0,-3.0
Current R3,12,DLSS,cpuSpikeGroups.maxGroupSamples,3.0,-2.0,-3.0
Current R1,12,DLSS,gpuSpikeGroups.maxGroupSamples,1.0,0.0,0.0
Current R2,12,DLSS,gpuSpikeGroups.maxGroupSamples,1.0,0.0,0.0
Current interrupted,12,DLSS,gpuSpikeGroups.maxGroupSamples,1.0,0.0,0.0
Current R3,12,DLSS,gpuSpikeGroups.maxGroupSamples,1.0,0.0,0.0
Current R1,13,DLSS,cpuTailMeanMs,18.355,-1.338000000000001,9.68
Current R2,13,DLSS,cpuTailMeanMs,17.645,-2.048000000000002,8.969999999999999
Current interrupted,13,DLSS,cpuTailMeanMs,,,
Current R3,13,DLSS,cpuTailMeanMs,19.661,-0.03200000000000003,10.986
Current R1,13,DLSS,gpuTailMeanMs,13.108,-0.019999999999999574,2.849
Current R2,13,DLSS,gpuTailMeanMs,12.535,-0.593,2.276
Current interrupted,13,DLSS,gpuTailMeanMs,,,
Current R3,13,DLSS,gpuTailMeanMs,13.133,0.004999999999999005,2.8739999999999988
Current R1,13,DLSS,cpuTailP95Ms,26.55,-0.5500000000000007,14.350000000000001
Current R2,13,DLSS,cpuTailP95Ms,24.8,-2.3000000000000007,12.600000000000001
Current interrupted,13,DLSS,cpuTailP95Ms,,,
Current R3,13,DLSS,cpuTailP95Ms,27.015,-0.08500000000000085,14.815000000000001
Current R1,13,DLSS,cpuTailP99Ms,30.25,0.6499999999999986,15.346
Current R2,13,DLSS,cpuTailP99Ms,27.04,-2.5600000000000023,12.136
Current interrupted,13,DLSS,cpuTailP99Ms,,,
Current R3,13,DLSS,cpuTailP99Ms,29.629,0.028999999999999915,14.725000000000001
Current R1,13,DLSS,gpuTailP95Ms,16.35,0.05000000000000071,5.550000000000001
Current R2,13,DLSS,gpuTailP95Ms,15.3,-1.0,4.5
Current interrupted,13,DLSS,gpuTailP95Ms,,,
Current R3,13,DLSS,gpuTailP95Ms,16.3,0.0,5.5
Current R1,13,DLSS,gpuTailP99Ms,18.8,0.3000000000000007,6.596
Current R2,13,DLSS,gpuTailP99Ms,17.14,-1.3599999999999994,4.936
Current interrupted,13,DLSS,gpuTailP99Ms,,,
Current R3,13,DLSS,gpuTailP99Ms,18.1,-0.3999999999999986,5.896000000000001
Current R1,13,DLSS,cpuSingleSpikeFrequency.frequencyPerSecond,0.9,0.4,-3.5000000000000004
Current R2,13,DLSS,cpuSingleSpikeFrequency.frequencyPerSecond,0.3,-0.2,-4.1000000000000005
Current interrupted,13,DLSS,cpuSingleSpikeFrequency.frequencyPerSecond,,,
Current R3,13,DLSS,cpuSingleSpikeFrequency.frequencyPerSecond,0.5,0.0,-3.9000000000000004
Current R1,13,DLSS,gpuSingleSpikeFrequency.frequencyPerSecond,6.3,0.39999999999999947,5.7
Current R2,13,DLSS,gpuSingleSpikeFrequency.frequencyPerSecond,5.5,-0.40000000000000036,4.9
Current interrupted,13,DLSS,gpuSingleSpikeFrequency.frequencyPerSecond,,,
Current R3,13,DLSS,gpuSingleSpikeFrequency.frequencyPerSecond,7.0,1.0999999999999996,6.4
Current R1,13,DLSS,cpuSpikeGroups.frequencyPerSecond,5.2,1.5,-1.8999999999999995
Current R2,13,DLSS,cpuSpikeGroups.frequencyPerSecond,1.7,-2.0,-5.3999999999999995
Current interrupted,13,DLSS,cpuSpikeGroups.frequencyPerSecond,,,
Current R3,13,DLSS,cpuSpikeGroups.frequencyPerSecond,4.6,0.8999999999999995,-2.5
Current R1,13,DLSS,gpuSpikeGroups.frequencyPerSecond,7.3,0.8999999999999995,6.6
Current R2,13,DLSS,gpuSpikeGroups.frequencyPerSecond,5.6,-0.8000000000000007,4.8999999999999995
Current interrupted,13,DLSS,gpuSpikeGroups.frequencyPerSecond,,,
Current R3,13,DLSS,gpuSpikeGroups.frequencyPerSecond,7.7,1.2999999999999998,7.0
Current R1,13,DLSS,cpuSpikeGroups.dutyPercent,37.39,1.2000000000000028,18.69
Current R2,13,DLSS,cpuSpikeGroups.dutyPercent,39.93,3.740000000000002,21.23
Current interrupted,13,DLSS,cpuSpikeGroups.dutyPercent,,,
Current R3,13,DLSS,cpuSpikeGroups.dutyPercent,35.66,-0.5300000000000011,16.959999999999997
Current R1,13,DLSS,gpuSpikeGroups.dutyPercent,16.7,4.3199999999999985,15.36
Current R2,13,DLSS,gpuSpikeGroups.dutyPercent,9.81,-2.5700000000000003,8.47
Current interrupted,13,DLSS,gpuSpikeGroups.dutyPercent,,,
Current R3,13,DLSS,gpuSpikeGroups.dutyPercent,15.77,3.389999999999999,14.43
Current R1,13,DLSS,cpuSpikeGroups.maxGroupSamples,13.0,-1.0,8.0
Current R2,13,DLSS,cpuSpikeGroups.maxGroupSamples,79.0,65.0,74.0
Current interrupted,13,DLSS,cpuSpikeGroups.maxGroupSamples,,,
Current R3,13,DLSS,cpuSpikeGroups.maxGroupSamples,13.0,-1.0,8.0
Current R1,13,DLSS,gpuSpikeGroups.maxGroupSamples,5.0,3.0,3.0
Current R2,13,DLSS,gpuSpikeGroups.maxGroupSamples,2.0,0.0,0.0
Current interrupted,13,DLSS,gpuSpikeGroups.maxGroupSamples,,,
Current R3,13,DLSS,gpuSpikeGroups.maxGroupSamples,5.0,3.0,3.0
