run,save,coverageErrorMs,coveragePassed,cpuMean,frames,gpuMean,localSchedulerIntervalCount,mode,process:accepted_draw_dispatch,process:accepted_draw_observer_candidate,process:colour_copy_sanitation,process:d3d_lock_execution,process:guide_encoding,process:input_preparation,process:leaf_csx,process:leaf_d3d11,process:leaf_kernel_sync,process:leaf_ngx_dlss,process:leaf_nvidia_um,process:leaf_openvr,process:leaf_other,process:leaf_skyrim,process:leaf_streamline,process:material_guard_union,process:material_probe,process:material_should_skip,process:native_resolved_render,process:native_stereo_boundary,process:native_unresolved,process:per_eye_submit,process:presentation_mutex_candidate,process:readback_wrapper,process:relatch_service,process:render_wrapper,process:retain_light,process:retain_scene,process:retention_allocator,process:retention_folded_reference_candidate,process:retention_hash,process:retention_reference,process:retention_spin,process:retention_vector,process:submit_upscaled_frame,process:temporal_union,process:truepbr_material_predicate,process:vendor_evaluate,processMissingStackMs,processSampled,processUnresolvedCsxMs,ready,readyPct,recordedFps,render:accepted_draw_dispatch,render:accepted_draw_observer_candidate,render:colour_copy_sanitation,render:d3d_lock_execution,render:guide_encoding,render:input_preparation,render:leaf_csx,render:leaf_d3d11,render:leaf_kernel_sync,render:leaf_ngx_dlss,render:leaf_nvidia_um,render:leaf_openvr,render:leaf_other,render:leaf_skyrim,render:leaf_streamline,render:material_guard_union,render:material_probe,render:material_should_skip,render:native_resolved_render,render:native_stereo_boundary,render:native_unresolved,render:per_eye_submit,render:presentation_mutex_candidate,render:readback_wrapper,render:relatch_service,render:render_wrapper,render:retain_light,render:retain_scene,render:retention_allocator,render:retention_folded_reference_candidate,render:retention_hash,render:retention_reference,render:retention_spin,render:retention_vector,render:submit_upscaled_frame,render:temporal_union,render:truepbr_material_predicate,render:vendor_evaluate,renderMissingStackMs,renderSampled,renderUnresolvedCsxMs,running,runningPct,wait,waitPct
Original,08,0.16430000077707518,True,4.664,599,10.41,18859,DLAA,0.0,0.0,0.0066729549248747905,0.003373789649415693,0.0,0.005009515859766277,1.4436754590984944,1.318709348914858,22.26048146911517,0.04843088480801336,3.839757595993323,0.10587762938230383,6.690858931552583,12.256591986644402,0.020030550918196995,0.0,0.0,0.0,0.0,0.0,12.256591986644402,0.10556227045075121,0.0,,0.0,,0.0,0.0,0.0,0.0,0.0,0.0,0.0,0.0,0.0,,0.0,0.15365242070116863,488.07850000000013,47.98441385642752,0.0,0.08938747913220482,0.5354310000019069,59.9,0.0,0.0,0.0066729549248747905,0.003373789649415693,0.0,0.005009515859766277,1.4233088480801304,1.310362103505843,1.5565106844741217,0.04843088480801336,0.5770212020033387,0.09586210350584307,1.6129135225375626,6.3119128547579315,0.01836110183639399,0.0,0.0,0.0,0.0,0.0,6.3119128547579315,0.10556227045075121,0.0,,0.0,,0.0,0.0,0.0,0.0,0.0,0.0,0.0,0.0,0.0,,0.0,0.15365242070116863,46.487399999999994,12.954683305509192,0.0,13.002155759600482,77.88291300000688,3.6032218697828027,21.583298999998988
Original,09,0.20850000017344428,True,3.602,628,9.537,25085,DLAA,0.0,0.0,0.0015931528662420382,0.004778662420382165,0.0,0.006370222929936305,1.1310305732484067,0.9588511146496813,6.906041878980895,0.04457834394904458,3.721326592356689,0.14090573248407645,5.707478025477709,8.04829824840765,0.012732802547770702,0.0,0.0,0.0,0.0,0.0,8.04829824840765,0.8419367834394903,0.0015896496815286623,,0.0,,0.0,0.0,0.0,0.0,0.0,0.0,0.0,0.0,0.0,,0.0,0.11781210191082797,253.28840000000002,26.671243312101954,0.0,0.06377372611580318,0.4004990000072439,62.8,0.0,0.0,0.0015931528662420382,0.004778662420382165,0.0,0.006370222929936305,1.1135146496815278,0.9492969745222928,1.324208439490446,0.04457834394904458,0.9774869426751591,0.13772101910828027,1.3279278662420393,3.3189754777070086,0.011140445859872613,0.0,0.0,0.0,0.0,0.0,3.3189754777070086,0.8419367834394903,0.0015896496815286623,,0.0,,0.0,0.0,0.0,0.0,0.0,0.0,0.0,0.0,0.0,,0.0,0.11781210191082797,34.13999999999999,9.204850159235697,0.0,9.178809076432115,57.642920999993684,6.681316082802676,41.9586650000008
Original,10,0.11930001170912874,True,2.937,600,10.036,17893,DLAA,0.0,0.0,0.0016666666666666668,0.003335166666666667,0.0,0.005003833333333332,1.2558390000000008,1.0154348333333334,18.86497533333333,0.04668416666666667,3.498258666666669,0.13059416666666668,6.2494461666666625,8.762814166666676,0.02168583333333333,0.0,0.0,0.0,0.0,0.0,8.762814166666676,0.115933,0.0,,0.0,,0.0,0.0,0.0,0.0,0.0,0.0,0.0,0.0,0.0,,0.0,0.13170849999999995,366.7282,39.845732333333075,0.0,0.09260200002017882,0.5556120001210729,60.0,0.0,0.0,0.0016666666666666668,0.003335166666666667,0.0,0.005003833333333332,1.2423555000000008,1.0087681666666666,1.333721333333333,0.04668416666666667,0.49568133333333303,0.12892750000000003,1.5070293333333338,4.397857166666669,0.02168583333333333,0.0,0.0,0.0,0.0,0.0,4.397857166666669,0.115933,0.0,,0.0,,0.0,0.0,0.0,0.0,0.0,0.0,0.0,0.0,0.0,,0.0,0.13170849999999995,21.0814,10.182710333333343,0.0,10.171321166664605,61.02792699998763,6.402942333334731,38.41765400000838
Original,11,4.253400003819479,True,7.784,1048,7.835,55275,DLSS,0.0,0.0,0.0028632633587786257,0.0029341603053435117,0.007636354961832062,0.0,1.1917890267175568,0.8148634541984733,21.506620324427455,0.05250916030534352,2.9883332061068706,0.11893406488549624,8.526824427480896,13.92099990458015,0.02100181297709924,0.0,0.0,0.0,0.0,0.0,13.92099990458015,0.5870563931297712,0.00095543893129771,,0.0,,0.0,0.0,0.0,0.0,0.0,0.0,0.0,0.0,0.2673568702290078,,0.0,0.11838673664122137,773.8592000000007,49.14187538167954,0.0,0.11235400763671467,1.1774700000327698,104.8,0.0,0.0,0.0028632633587786257,0.0029341603053435117,0.007636354961832062,0.0,1.1716852099236637,0.8091382633587786,1.6666707061068697,0.05250916030534352,0.5085196564885494,0.1179798664122138,1.3642749045801534,3.286155725190835,0.020047614503816796,0.0,0.0,0.0,0.0,0.0,3.286155725190835,0.5870563931297712,0.00095543893129771,,0.0,,0.0,0.0,0.0,0.0,0.0,0.0,0.0,0.0,0.2673568702290078,,0.0,0.11838673664122137,58.270100000000006,8.996981106870233,0.0,8.971346660306633,94.01971300001351,0.4623426526709849,4.845350999991922
Original,12,1.3675000140538032,True,6.854,1058,7.576,34057,DLSS,0.0,0.0,0.004727788279773158,0.004762759924385633,0.007564366729678639,0.0,0.9417798676748573,0.719425236294895,6.726883553875249,0.058613043478260865,3.186246408317579,0.12893241965973534,4.685694328922495,12.219905198487712,0.016078166351606808,0.0,0.0,0.0,0.0,0.0,12.219905198487712,1.4196996219281677,0.0,,0.0,,0.0,0.0,0.0,0.0,0.0,0.0,0.0,0.0,0.27048440453686184,,0.0,0.13432854442344042,333.68870000000004,28.68355822306238,0.0,0.047603024583321024,0.5036400000915364,105.8,0.0,0.0,0.004727788279773158,0.004762759924385633,0.007564366729678639,0.0,0.9332110586011333,0.715644517958411,1.5839526465028357,0.058613043478260865,1.1004732514177704,0.12515170132325143,1.1474482986767482,3.0688666351606786,0.015132986767485826,0.0,0.0,0.0,0.0,0.0,3.0688666351606786,1.4196996219281677,0.0,,0.0,,0.0,0.0,0.0,0.0,0.0,0.0,0.0,0.0,0.27048440453686184,,0.0,0.13432854442344042,49.387100000000004,8.748494139886589,0.0,8.709337240077005,92.1447880000147,0.6961481096440725,7.365247000034287
Original,13,2.7528000030761177,True,8.675,599,10.259,19037,DLSS,0.0,0.0,0.006678797996661103,0.008466277128547578,0.008347746243739565,0.0,2.0589278797996666,1.4721405676126886,8.00347662771286,0.06514991652754591,4.453162938230386,0.11607579298831384,5.34027061769616,22.84784757929886,0.020044240400667785,0.0,0.0,0.0,0.0,0.0,22.84784757929886,0.4238373956594323,0.0,,0.0,,0.0,0.0,0.0,0.0,0.0,0.0,0.0,0.0,0.30246327212020035,,0.0,0.14699248747913193,263.70860000000005,44.377096160266994,0.0,0.046211018368224256,0.2768040000256633,59.9,0.0,0.0,0.006678797996661103,0.008466277128547578,0.008347746243739565,0.0,2.0304644407345585,1.4620056761268792,2.1560395659432365,0.06514991652754591,0.6790161936560932,0.11440634390651085,1.6263784641068466,6.507554424040059,0.01837479131886478,0.0,0.0,0.0,0.0,0.0,6.507554424040059,0.4238373956594323,0.0,,0.0,,0.0,0.0,0.0,0.0,0.0,0.0,0.0,0.0,0.30246327212020035,,0.0,0.14699248747913193,44.0779,14.659389816360559,0.0,14.623291318864093,87.59351499999592,2.0295841402352544,12.157209000009175
Today R1,08,0.15850000123828067,True,5.655,600,10.35,,DLAA,0.0,0.0,0.0,0.0,0.0,0.008338666666666666,1.5734830000000013,1.5054839999999976,7.0727681666666635,0.04500833333333334,4.1832340000000015,0.1119321666666667,4.773186333333333,12.890230166666667,0.016670833333333333,0.0,0.0,0.0,0.0,0.0,12.890230166666667,0.1174743333333333,0.0,0.06673933333333333,0.0,0.0033333333333333335,0.0,0.0,0.0,0.0,0.0,0.0,0.0,0.0,0.0,0.07007266666666667,0.0,0.15006399999999995,260.5932,32.17199700000001,0.0,0.0609905000014758,0.3659430000088548,60.0,0.0,0.0,0.0,0.0,0.0,0.008338666666666666,1.5399611666666682,1.497150666666664,1.509335999999999,0.04500833333333334,0.6079160000000001,0.10359883333333335,1.5060883333333324,6.762408833333348,0.015004166666666666,0.0,0.0,0.0,0.0,0.0,6.762408833333348,0.1174743333333333,0.0,0.06673933333333333,0.0,0.0033333333333333335,0.0,0.0,0.0,0.0,0.0,0.0,0.0,0.0,0.0,0.07007266666666667,0.0,0.15006399999999995,44.169200000000004,13.586472333333328,0.0,13.676478500000387,82.05887100000233,2.929461833333534,17.576771000001205
Today R1,09,1.8379999936005333,True,5.755,913,8.532,,DLAA,0.0,0.0,0.004381161007667032,0.0,0.0,0.009855859802847755,0.9699047097480834,0.9938722891566265,7.347534392113902,0.05807316538882805,3.641026834611167,0.14043044906900332,4.996354874041616,7.596952135815988,0.0329591456736035,0.0,0.0,0.0,0.0,0.0,7.596952135815988,1.2038760131434831,0.0010944140197152246,0.05303110624315444,0.0,0.0021921139101861993,0.0,0.0,0.0,0.0,0.0,0.0,0.0,0.0,0.0,0.055223220153340635,0.0,0.156644578313253,484.2051,25.77710799561885,0.0,0.08609649506540563,0.7860609999471535,91.3,0.0,0.0,0.004381161007667032,0.0,0.0,0.009855859802847755,0.962241182913472,0.9862052573932093,1.3904168674698791,0.05807316538882805,1.1969719605695521,0.13385870755750276,1.2232104052573929,3.0705010952902527,0.0329591456736035,0.0,0.0,0.0,0.0,0.0,3.0705010952902527,1.2038760131434831,0.0010944140197152246,0.05303110624315444,0.0,0.0021921139101861993,0.0,0.0,0.0,0.0,0.0,0.0,0.0,0.0,0.0,0.055223220153340635,0.0,0.156644578313253,76.26369999999999,9.054437787513702,0.0,9.08993198247249,82.99107899997384,1.7788871851056967,16.24124000001501
Today R1,10,1.007100025213731,True,5.916,1012,8.299,,DLAA,0.0,0.0,0.0,0.0,0.0,0.001975395256916996,1.0260192687747034,0.959298023715414,6.1505920948616675,0.03565444664031621,3.802468972332017,0.10125918972332018,4.370861462450593,7.021380039525686,0.02781788537549407,0.0,0.0,0.0,0.0,0.0,7.021380039525686,1.183942588932805,0.0,0.0365695652173913,0.0,0.004941403162055336,0.0,0.0,0.0,0.0,0.0,0.0,0.0,0.0,0.0,0.041510968379446636,0.0,0.11372924901185771,364.55219999999997,23.49535138339926,0.0,0.05620266800756443,0.568771000236552,101.2,0.0,0.0,0.0,0.0,0.0,0.001975395256916996,1.020090415019763,0.9523810276679832,1.423516501976284,0.03565444664031621,1.2593678853754926,0.09928290513833996,1.1152155138339925,3.483122628458496,0.02682974308300395,0.0,0.0,0.0,0.0,0.0,3.483122628458496,1.183942588932805,0.0,0.0365695652173913,0.0,0.004941403162055336,0.0,0.0,0.0,0.0,0.0,0.0,0.0,0.0,0.0,0.041510968379446636,0.0,0.11372924901185771,72.4227,9.415461067193702,0.0,9.352300592881791,94.64528199996374,0.47391482213951036,4.796018000051845
Today R1,11,1.2718999939825153,True,8.297,973,7.485,,DLSS,0.0,0.0,0.005133299075025694,0.0,0.012334635149023637,0.0,1.308970298047275,0.9036924974306262,20.77993042137715,0.06476824254881809,2.900505344295992,0.11734604316546761,7.216559609455291,14.497218807810915,0.029815519013360745,0.0,0.0,0.0,0.0,0.0,14.497218807810915,0.49681942446043215,0.001027338129496403,0.008299691675231244,0.0,0.0010271325796505652,0.0,0.0,0.0,0.0,0.0,0.0,0.0,0.0,0.3455454265159305,0.00932682425488181,0.0,0.20460719424460438,770.3526999999997,47.818806783145256,0.0,0.16086269269770123,1.565193999948633,97.3,0.0,0.0,0.005133299075025694,0.0,0.012334635149023637,0.0,1.2893946557040066,0.8964982528263096,1.9313598150051368,0.06476824254881809,0.406217060637205,0.10912404933196299,1.4356551901336052,3.478584378211709,0.029815519013360745,0.0,0.0,0.0,0.0,0.0,3.478584378211709,0.49681942446043215,0.001027338129496403,0.008299691675231244,0.0,0.0010271325796505652,0.0,0.0,0.0,0.0,0.0,0.0,0.0,0.0,0.3455454265159305,0.00932682425488181,0.0,0.20460719424460438,69.2121,9.64141716341213,0.0,9.592184069886816,93.33195099999871,0.5257527235346843,5.115573999992478
Today R1,12,6.286300028517871,False,8.279,1042,7.467,,DLSS,0.0,0.0,0.0047995201535508646,0.0,0.009600191938579656,0.0,1.1874523992322472,0.9038493282149712,7.594475431861805,0.0528158349328215,2.8821028790786944,0.12417149712092135,5.089304222648748,12.470495969289816,0.02121391554702495,0.0,0.0,0.0,0.0,0.0,12.470495969289816,0.4248903071017278,0.0,0.022095201535508636,0.0,0.0019199616122840691,0.0,0.0,0.0,0.0,0.0,0.0,0.0,0.0,0.2717462571976968,0.024015163147792708,0.0,0.13827389635316698,454.93289999999996,30.325881477927112,0.0,0.04630163150440084,0.48246300027585676,104.2,0.0,0.0,0.0047995201535508646,0.0,0.009600191938579656,0.0,1.17193416506718,0.8922493282149712,1.7227736084452991,0.0528158349328215,0.4418988483685219,0.12033272552783114,1.4319860844529728,3.2886132437619966,0.02121391554702495,0.0,0.0,0.0,0.0,0.0,3.2886132437619966,0.4248903071017278,0.0,0.022095201535508636,0.0,0.0019199616122840691,0.0,0.0,0.0,0.0,0.0,0.0,0.0,0.0,0.2717462571976968,0.024015163147792708,0.0,0.13827389635316698,50.3551,9.14381775431862,0.0,9.179587044145203,95.65129699999301,0.37707322456970366,3.929103000016312
Today R1,13,1.6206000134843634,True,12.483,589,10.222,,DLSS,0.0,0.0,0.006794397283531409,0.0,0.008493039049235993,0.0,2.281856196943972,1.8222916808149394,8.853890831918497,0.04587996604414262,4.88488353140917,0.1734949066213922,5.8098691001697835,23.76728522920202,0.01868658743633277,0.0,0.0,0.0,0.0,0.0,23.76728522920202,0.4255597623089983,0.0,0.0034003395585738535,0.0,0.0033916808149405775,0.0,0.0,0.0,0.0,0.0,0.0,0.0,0.0,0.29557640067911706,0.0067920203735144305,0.0,0.14440899830220721,229.58740000000003,47.65813803056014,0.0,0.04809677421378997,0.2832900001192229,58.9,0.0,0.0,0.006794397283531409,0.0,0.008493039049235993,0.0,2.25773803056027,1.8068772495755512,2.5820779286926987,0.04587996604414262,0.7598123938879459,0.1514193548387097,1.9449193548387103,6.6379796264855795,0.01698879456706282,0.0,0.0,0.0,0.0,0.0,6.6379796264855795,0.4255597623089983,0.0,0.0034003395585738535,0.0,0.0033916808149405775,0.0,0.0,0.0,0.0,0.0,0.0,0.0,0.0,0.29557640067911706,0.0067920203735144305,0.0,0.14440899830220721,39.1867,16.20369269949068,0.0,16.155229371815754,95.15430099999479,0.7773539898167773,4.578615000020818
Today R2,08,0.2408000005689246,True,5.726,599,10.331,,DLAA,0.0,0.0,0.0016682804674457428,0.0,0.0,0.010020033388981636,1.4958237061769615,1.4549125208681115,22.042777629382318,0.04675659432387311,4.128619866444072,0.10234507512520868,6.791607512520864,13.16899348914854,0.02003355592654424,0.0,0.0,0.0,0.0,0.0,13.16899348914854,0.13594524207011688,0.001669449081803005,0.043452086811352264,0.0,0.001675459098497496,0.0,0.0,0.0,0.0,0.0,0.0,0.0,0.0,0.0,0.04512754590984976,0.0,0.11187646076794655,512.3409999999999,49.25186994991648,0.0,0.1519020033405417,0.9098930000098449,59.9,0.0,0.0,0.0016682804674457428,0.0,0.0,0.010020033388981636,1.4623606010016694,1.4482347245408995,1.6423632721202015,0.04675659432387311,0.667657429048414,0.09400083472454092,1.7251828046744546,6.869068280467462,0.02003355592654424,0.0,0.0,0.0,0.0,0.0,6.869068280467462,0.13594524207011688,0.001669449081803005,0.043452086811352264,0.0,0.001675459098497496,0.0,0.0,0.0,0.0,0.0,0.0,0.0,0.0,0.0,0.04512754590984976,0.0,0.11187646076794655,55.3165,13.975658096828012,0.0,14.007852587645205,83.90703699999477,2.535138230384152,15.185478000001071
Today R2,09,0.7945000031486416,True,5.252,932,8.402,,DLAA,0.0,0.0,0.0,0.0,0.0,0.004292274678111588,0.8590434549356222,0.8492334763948495,6.293218347639489,0.049372639484978546,3.627986695278969,0.11401448497854079,4.657621995708156,6.8915453862661,0.019309012875536484,0.0,0.0,0.0,0.0,0.0,6.8915453862661,1.3221151287553652,0.0,0.05081223175965665,0.0,0.0021458154506437768,0.0,0.0,0.0,0.0,0.0,0.0,0.0,0.0,0.0,0.052958047210300424,0.0,0.1588262875536481,381.2557,23.36134549356228,0.0,0.06526362660853731,0.6082569999915677,93.2,0.0,0.0,0.0,0.0,0.0,0.004292274678111588,0.8515327253218883,0.8406497854077252,1.2849111587982827,0.049372639484978546,1.3141581545064382,0.10757671673819744,1.0854424892703862,2.795349141630903,0.019309012875536484,0.0,0.0,0.0,0.0,0.0,2.795349141630903,1.3221151287553652,0.0,0.05081223175965665,0.0,0.0021458154506437768,0.0,0.0,0.0,0.0,0.0,0.0,0.0,0.0,0.0,0.052958047210300424,0.0,0.1588262875536481,44.089200000000005,8.348301824034333,0.0,8.399389377684631,78.28230900002076,2.2658131974269478,21.117379000019156
Today R2,10,0.5074000294443977,True,5.879,999,8.346,,DLAA,0.0,0.0,0.0,0.0,0.0,0.006004604604604605,0.9986482482482478,0.980041841841842,19.764216916917,0.044054654654654656,3.488872372372372,0.10139319319319318,6.0180242242242095,7.468118918918922,0.020049449449449447,0.0,0.0,0.0,0.0,0.0,7.468118918918922,0.7945939939939936,0.0,0.04900260260260261,0.0,0.001002902902902903,0.0,0.0,0.0,0.0,0.0,0.0,0.0,0.0,0.0,0.05000550550550551,0.0,0.12614294294294295,755.1313000000001,38.883419819819515,0.0,0.11259799802641678,1.1248540002839036,99.9,0.0,0.0,0.0,0.0,0.0,0.006004604604604605,0.9966462462462459,0.9719562562562564,1.4309748748748763,0.044054654654654656,0.9243730730730728,0.09638818818818817,1.3100043043043037,3.746286686686687,0.019048448448448448,0.0,0.0,0.0,0.0,0.0,3.746286686686687,0.7945939939939936,0.0,0.04900260260260261,0.0,0.001002902902902903,0.0,0.0,0.0,0.0,0.0,0.0,0.0,0.0,0.0,0.05000550550550551,0.0,0.12614294294294295,68.4069,9.539732732732741,0.0,9.500066366364496,94.90566299998132,0.39785355355647867,3.974557000029222
Today R2,11,1.4368999982398236,True,7.861,1053,7.183,,DLSS,0.0,0.0,0.0009497625830959164,0.0,0.007598195631528965,0.0,1.2361576448243108,0.833925356125356,19.88151566951555,0.04466780626780626,2.658170560303893,0.1207866096866097,6.983406457739791,13.472564387464411,0.016148907882241215,0.0,0.0,0.0,0.0,0.0,13.472564387464411,0.4081362773029438,0.000949667616334283,0.013334093067426401,0.0,0.0028491927825261163,0.0,0.0,0.0,0.0,0.0,0.0,0.0,0.0,0.2660379867046533,0.016183285849952513,0.0,0.12352943969610634,790.6863999999997,45.247343399809886,0.0,0.14088157644668636,1.4834829999836074,105.3,0.0,0.0,0.0009497625830959164,0.0,0.007598195631528965,0.0,1.220962962962962,0.8225236467236465,1.8258278252611588,0.04466780626780626,0.3560427350427351,0.11412203228869898,1.3213104463437806,3.1717080721747366,0.015199240265906933,0.0,0.0,0.0,0.0,0.0,3.1717080721747366,0.4081362773029438,0.000949667616334283,0.013334093067426401,0.0,0.0028491927825261163,0.0,0.0,0.0,0.0,0.0,0.0,0.0,0.0,0.2660379867046533,0.016183285849952513,0.0,0.12352943969610634,72.46539999999999,8.892364767331426,0.0,8.854378917379593,93.23661000000712,0.5027802469127891,5.294275999991669
Today R2,12,1.616800033052641,True,8.06,1105,7.167,,DLSS,0.0,0.0,0.00362,0.0,0.008145610859728506,0.0,1.1259965610859723,0.8512313122171953,7.171061719457025,0.03991095022624435,2.7649113122171927,0.11797945701357461,4.858531493212669,12.16331819004522,0.024610135746606338,0.0,0.0,0.0,0.0,0.0,12.16331819004522,0.4549389140271494,0.0009060633484162897,0.029956289592760182,0.0,0.0018094117647058825,0.0,0.0,0.0,0.0,0.0,0.0,0.0,0.0,0.2671676923076924,0.03176570135746606,0.0,0.11867972850678732,454.93589999999995,29.11755113122176,0.0,0.0465636199345994,0.5145280002773234,110.5,0.0,0.0,0.00362,0.0,0.008145610859728506,0.0,1.1160418099547509,0.8448198190045256,1.6976847963800905,0.03991095022624435,0.4300880542986425,0.10983466063348413,1.386577013574662,3.0144200000000003,0.024610135746606338,0.0,0.0,0.0,0.0,0.0,3.0144200000000003,0.4549389140271494,0.0009060633484162897,0.029956289592760182,0.0,0.0018094117647058825,0.0,0.0,0.0,0.0,0.0,0.0,0.0,0.0,0.2671676923076924,0.03176570135746606,0.0,0.11867972850678732,72.2889,8.663987239818958,0.0,8.625645610862597,95.31338400003169,0.379027692309639,4.188256000021511
Today R2,13,4.133000015757716,True,11.409,594,9.961,,DLSS,0.0,0.0,0.003368518518518518,0.0,0.010103703703703703,0.0,2.2398526936026926,1.7260787878787875,8.612900336700338,0.07747727272727271,4.800579966329964,0.14153956228956227,5.726671885521886,22.98094225589226,0.03034074074074074,0.0,0.0,0.0,0.0,0.0,22.98094225589226,0.45060622895622865,0.0016835016835016834,0.003368855218855219,0.0,0.0033673400673400675,0.0,0.0,0.0,0.0,0.0,0.0,0.0,0.0,0.3200257575757575,0.0067361952861952875,0.0,0.17349562289562293,257.2435,46.33638350168345,0.0,0.04559680136804728,0.27084500012620083,59.4,0.0,0.0,0.003368518518518518,0.0,0.010103703703703703,0.0,2.204405387205385,1.7074569023569022,2.337259595959596,0.07747727272727271,0.7390811447811453,0.12470454545454543,1.9030860269360246,6.567156397306393,0.028657239057239058,0.0,0.0,0.0,0.0,0.0,6.567156397306393,0.45060622895622865,0.0016835016835016834,0.003368855218855219,0.0,0.0033673400673400675,0.0,0.0,0.0,0.0,0.0,0.0,0.0,0.0,0.3200257575757575,0.0067361952861952875,0.0,0.17349562289562293,48.1016,15.689284511784544,0.0,15.695532323231339,93.23146199999415,1.1008456229018886,6.5390230000372185
Today R3,08,0.18850000232669117,True,5.98,598,10.296,,DLAA,0.0,0.0,0.005018060200668896,0.0,0.0,0.008363879598662208,1.627483277591975,1.420978762541806,21.89740317725743,0.06691287625418059,4.335158026755851,0.12915000000000001,7.624998829431445,13.085908193979922,0.028594481605351173,0.0,0.0,0.0,0.0,0.0,13.085908193979922,0.1345944816053512,0.0016722408026755853,0.04518996655518393,0.0,0.006688963210702341,0.0,0.0,0.0,0.0,0.0,0.0,0.0,0.0,0.0,0.051878929765886275,0.0,0.15556521739130433,485.8368000000001,50.216587625418086,0.0,0.15528311037105466,0.9285930000189069,59.8,0.0,0.0,0.005018060200668896,0.0,0.0,0.008363879598662208,1.5804747491638813,1.4142162207357858,1.6724147157190632,0.06691287625418059,0.6884722408026756,0.12580551839464885,1.8551670568561867,6.73178745819399,0.02692224080267559,0.0,0.0,0.0,0.0,0.0,6.73178745819399,0.1345944816053512,0.0016722408026755853,0.04518996655518393,0.0,0.006688963210702341,0.0,0.0,0.0,0.0,0.0,0.0,0.0,0.0,0.0,0.051878929765886275,0.0,0.15556521739130433,47.1444,14.162173076923045,0.0,14.087279765886386,84.24193300000059,2.4801603678936073,14.831359000003772
Today R3,09,0.2718999976059422,True,5.408,953,8.371,,DLAA,0.0,0.0,0.004194858342077649,0.0,0.0,0.007343966421825813,0.8191347324239246,0.8781838405036722,6.32350734522561,0.053526652675760754,3.4764738719832105,0.11868363064008394,4.57081374606506,7.02594795383,0.01783693599160546,0.0,0.0,0.0,0.0,0.0,7.02594795383,1.2860001049317937,0.0,0.06569622245540399,0.0,0.0032733473242392446,0.0,0.0,0.0,0.0,0.0,0.0,0.0,0.0,0.0,0.06896956977964325,0.0,0.12813725078698845,378.808,23.284108709338888,0.0,0.06865918152860812,0.6543219999676353,95.3,0.0,0.0,0.004194858342077649,0.0,0.0,0.007343966421825813,0.813885099685205,0.8718879328436513,1.297549527806926,0.053526652675760754,1.2254941238195172,0.11553567681007344,1.0410051416579214,2.8560256033578204,0.01783693599160546,0.0,0.0,0.0,0.0,0.0,2.8560256033578204,1.2860001049317937,0.0,0.06569622245540399,0.0,0.0032733473242392446,0.0,0.0,0.0,0.0,0.0,0.0,0.0,0.0,0.0,0.06896956977964325,0.0,0.12813725078698845,47.089200000000005,8.292746694648468,0.0,8.290477649527277,79.00825199999494,2.134327911858707,20.34014500001348
Today R3,10,0.14840003758581588,True,5.824,1002,8.301,,DLAA,0.0,0.0,0.0009977045908183633,0.0,0.0,0.006986526946107784,1.0012735528942112,0.9462203592814372,19.5723848303394,0.04292664670658682,3.5253529940119757,0.12514461077844313,5.984776746506996,7.375624750499023,0.011980239520958082,0.0,0.0,0.0,0.0,0.0,7.375624750499023,0.9072097804391227,0.0,0.04584690618762474,0.0,0.00399191616766467,0.0,0.0,0.0,0.0,0.0,0.0,0.0,0.0,0.0,0.049838822355289414,0.0,0.12377894211576844,740.4661000000004,38.585684730538745,0.0,0.1095389221879106,1.0975800003228642,100.2,0.0,0.0,0.0009977045908183633,0.0,0.0,0.006986526946107784,0.9942875249500994,0.9402323353293415,1.4109868263473069,0.04292664670658682,0.9951228542914181,0.11516417165668663,1.2979922155688626,3.6225615768463104,0.010982235528942116,0.0,0.0,0.0,0.0,0.0,3.6225615768463104,0.9072097804391227,0.0,0.04584690618762474,0.0,0.00399191616766467,0.0,0.0,0.0,0.0,0.0,0.0,0.0,0.0,0.0,0.049838822355289414,0.0,0.12377894211576844,55.461099999999995,9.430256387225585,0.0,9.442996806389747,94.61882800002526,0.42765229541195043,4.285076000027743
Today R3,11,1.5569000011128082,True,7.819,1026,7.108,,DLSS,0.0,0.0,0.003899512670565302,0.0,0.005851364522417154,0.0,1.2106760233918115,0.8707081871345023,19.82417495126703,0.06239054580896683,2.65734707602339,0.12035916179337228,7.392891130604273,14.056981676413265,0.02056189083820662,0.0,0.0,0.0,0.0,0.0,14.056981676413265,0.4311346003898636,0.0,0.013844639376218323,0.0,0.0038978557504873294,0.0,0.0,0.0,0.0,0.0,0.0,0.0,0.0,0.3032406432748538,0.017742495126705653,0.0,0.14332543859649124,749.4679999999997,46.2160906432748,0.0,0.1482927875246034,1.521484000002431,102.6,0.0,0.0,0.003899512670565302,0.0,0.005851364522417154,0.0,1.1911820662768018,0.8638370370370362,1.8271829434697846,0.06239054580896683,0.33966656920077964,0.11539727095516565,1.376687329434699,3.2655905458089673,0.018612573099415202,0.0,0.0,0.0,0.0,0.0,3.2655905458089673,0.4311346003898636,0.0,0.013844639376218323,0.0,0.0038978557504873294,0.0,0.0,0.0,0.0,0.0,0.0,0.0,0.0,0.3032406432748538,0.017742495126705653,0.0,0.14332543859649124,60.28659999999998,9.060546881091646,0.0,9.038541715400475,92.73543800000887,0.5612716374268836,5.758646999999826
Today R3,12,2.9777000288358977,True,8.022,1124,7.124,,DLSS,0.0,0.0,0.004450800711743772,0.0,0.005337544483985765,0.0,1.116924733096086,0.84994074733096,7.312287366548045,0.04985240213523133,2.744018238434165,0.12129911032028473,4.9514452846975106,11.880262811387917,0.019585587188612096,0.0,0.0,0.0,0.0,0.0,11.880262811387917,0.4762495551601427,0.0008903024911032027,0.018851690391459074,0.0,0.00542135231316726,0.0,0.0,0.0,0.0,0.0,0.0,0.0,0.0,0.2963949288256229,0.02427304270462633,0.0,0.1468820284697508,460.5244,29.045616281138734,0.0,0.046879181516277756,0.526922000242962,112.4,0.0,0.0,0.004450800711743772,0.0,0.005337544483985765,0.0,1.0990475978647691,0.8401542704626326,1.672916814946621,0.04985240213523133,0.4400008896797155,0.11685071174377228,1.3944481316725992,2.9051330960854074,0.018695907473309605,0.0,0.0,0.0,0.0,0.0,2.9051330960854074,0.4762495551601427,0.0008903024911032027,0.018851690391459074,0.0,0.00542135231316726,0.0,0.0,0.0,0.0,0.0,0.0,0.0,0.0,0.2963949288256229,0.02427304270462633,0.0,0.1468820284697508,63.5172,8.537099822064075,0.0,8.467920284699503,95.17942400002241,0.38464688612304204,4.3234310000229925
Today R3,13,0.6354000170213112,True,8.841,601,10.387,,DLSS,0.0,0.0,0.003328618968386023,0.0,0.0016640599001663894,0.0,2.0488500831946768,1.601707653910148,3.989530948419298,0.04660016638935107,4.4557966722129745,0.10848985024958405,2.3391472545757095,13.030483361064862,0.026758236272878533,0.0,0.0,0.0,0.0,0.0,13.030483361064862,0.3052517470881862,0.0,0.013326123128119798,0.0,0.0016632279534109819,0.0,0.0,0.0,0.0,0.0,0.0,0.0,0.0,0.18805024958402664,0.014989351081530782,0.0,0.13646722129783695,52.0435,27.647364226289437,0.0,0.038774542454060285,0.23303500014890233,60.1,0.0,0.0,0.003328618968386023,0.0,0.0016640599001663894,0.0,2.0288084858569064,1.5917242928452562,2.3344963394342746,0.04660016638935107,0.7025740432612316,0.10848985024958405,1.5952602329450931,5.830065890183036,0.026758236272878533,0.0,0.0,0.0,0.0,0.0,5.830065890183036,0.3052517470881862,0.0,0.013326123128119798,0.0,0.0016632279534109819,0.0,0.0,0.0,0.0,0.0,0.0,0.0,0.0,0.18805024958402664,0.014989351081530782,0.0,0.13646722129783695,22.0105,14.264777537437563,0.0,14.216497670550131,85.44115100000629,2.384720133113982,14.33216800001503
